0_0_0,2.70939,43.75334,0
0_1_0,19.52984,3.48851,-4.93408
1_0_1,-1.44138,37.62236,-1.52021
0_0_1,-0.68329,-0.75327,36.51591
1_1_1,-3.63599,-3.62524,17.0512
0_1_1,-3.61127,-3.64076,17.04464
1_1_2,-1.83154,14.18483,-1.78345
1_1_3,-1.81781,-1.60853,10.94116
1_2_3,-2.41502,-2.38328,-2.52127
2_2_4,-2.50649,-2.35704,-2.69738
1_2_4,-1.3442,-1.26023,-1.20398
2_2_5,-1.64511,-1.79576,-1.51626
2_2_6,-1.61055,-1.61171,-1.5803
2_3_6,-1.36408,-1.70512,-1.72942
3_3_7,-1.46088,-1.47005,-1.58084
2_3_7,-1.35572,-0.57484,-1.44341
3_3_8,-0.85823,-2.15949,-2.25115
3_3_9,0.31229,-2.16515,-2.10786
3_4_9,-0.23605,-2.00887,-2.03824
4_4_10,-1.95979,-1.91293,0.59601
3_4_10,-0.45555,-1.69414,-1.62061
4_4_11,-1.91189,-0.92298,-1.9604
4_4_12,-2.05425,-1.77157,-2.08522
4_5_12,-1.85479,-1.81959,-0.94437
5_4_13,-0.73279,-0.91841,-0.80579
4_4_13,-0.2,-0.12486,-0.38718
5_5_13,0.8686,-1.69459,-1.66588
4_5_13,-1.6593,2.74488,-1.59884
5_5_14,6.21009,-1.97999,-1.96137
5_5_15,-1.77629,-1.65446,-1.80339
5_6_15,-1.42183,-1.44389,-1.54013
6_6_16,-1.36088,-1.12071,-1.20618
5_6_16,-1.16356,-1.26657,-1.34535
6_6_17,-1.27728,-1.84915,-1.91566
6_6_18,-2.07801,-2.14549,-2.13481
6_7_16,-0.2,-0.2,-0.2
5_7_16,-0.2,-0.2,-0.2
6_7_17,-0.36,-0.29281,-0.73618
6_7_18,-2.0827,-2.00417,-2.04528
7_7_19,-1.98098,-1.94189,-1.95606
6_7_19,-1.64019,-1.61931,-1.61035
7_7_20,-2.05246,-1.89933,-1.92154
6_7_20,-0.2,-0.23759,-0.44653
7_7_21,-1.85073,-1.74968,-1.9471
7_8_21,-1.6637,-1.76231,-1.89128
8_8_22,-1.8034,-1.82441,-1.76273
7_8_22,-1.72685,-1.78522,-1.70233
8_8_23,-1.97102,-1.93341,-1.86005
8_8_24,-2.01597,-2.03022,-1.98117
8_9_24,-1.78986,-1.7957,-1.83462
9_9_25,-1.66331,-1.71434,-1.73353
8_9_25,-1.6976,-1.52404,-1.5685
9_8_26,-0.36,-0.42949,0
9_9_26,-2.01177,-2.07225,-1.97446
9_9_27,-1.93529,-1.91238,-1.91618
9_10_27,-1.61268,-1.67108,-1.59613
10_10_28,-1.56622,-1.52473,-1.66648
9_10_28,-1.46975,-1.3762,-1.26387
10_10_29,-1.86675,-1.83491,-1.82612
10_10_30,-1.70907,-1.74373,-1.69648
10_11_30,-1.71164,-1.64655,-1.63191
11_11_30,-0.49656,-0.29785,-0.2
11_11_31,-1.45438,-1.49068,-1.56174
10_11_31,-1.33854,-1.25183,-1.28439
11_11_32,-1.69946,-1.77225,-1.78825
11_11_33,-1.70289,-1.56262,-1.65168
10_11_32,-0.2,-0.36341,-0.40201
11_12_33,-1.46493,-1.51526,-1.41094
12_12_34,-1.37374,-1.44713,-1.37223
11_12_34,-1.12099,-1.00003,-1.0402
12_12_35,-1.57502,-1.00818,-1.51525
12_12_36,0.7692,-1.48122,-1.45826
12_13_36,0.97634,-1.28305,-1.23242
13_13_37,-1.43599,-1.34281,-1.41531
12_13_37,-0.98929,-1.03091,-1.04762
13_13_36,-0.2,-0.31433,-0.2
13_13_38,-1.64023,-1.61017,-1.52361
13_13_39,-1.43989,-1.60207,-1.65408
13_14_39,-1.56631,-1.48833,-1.45874
14_14_40,-1.34327,-1.35582,-1.25501
13_14_40,-0.7899,-0.81681,-0.8536
14_14_41,-1.45751,-1.32384,-1.48736
14_13_41,-0.2,-0.2576,0
13_13_41,-0.2,0,0
13_14_41,-0.2,-0.2576,0
14_14_42,-1.33859,-1.3961,-1.42355
14_15_42,-1.32095,-1.31177,-1.23304
15_15_43,-1.21045,-1.39894,-1.2663
14_15_43,-1.02884,-1.0718,-0.93545
15_15_44,-1.43438,-1.61695,-1.56896
15_15_45,-1.42682,-1.44807,-1.53511
15_16_45,-1.3183,-1.35952,-1.34829
15_16_44,-0.36,-0.63191,-0.40674
16_16_46,-0.97361,-1.0788,-0.98401
15_16_46,-1.19354,-1.11861,-1.1377
16_16_47,-1.47524,-1.49119,-1.56296
16_16_48,-1.39766,-1.34017,-1.28463
16_17_48,-1.16882,-1.26138,-1.23911
17_16_49,-0.2,0,0
16_16_49,-0.2,0,0
17_17_49,-1.05433,-1.0284,-1.08398
16_17_49,-1.05069,-0.87003,-0.92316
17_17_50,-1.29642,-1.22664,-1.24829
17_17_51,-1.229,-1.06583,-1.17927
17_18_51,-1.06967,-1.13396,-1.28456
18_18_52,-0.88163,-0.90987,-1.02149
17_18_52,-1.103,-0.92943,-0.95777
18_18_53,-1.31668,-1.3346,-1.36198
18_18_54,-1.20283,-1.22417,-1.15698
17_19_53,-0.2,0,0
18_19_53,-0.44402,-0.46516,-0.4901
18_19_54,-1.12608,-1.16699,-1.04388
19_19_55,-0.928,-0.9508,-1.0408
18_19_55,-0.89645,-0.7318,-0.80415
19_19_56,-1.3671,-1.40511,-1.42736
19_19_57,-1.42286,-1.45746,-1.35624
19_20_57,-1.29276,-1.30537,-1.22898
20_20_58,-0.96494,-0.90388,-0.99296
19_20_58,-0.91599,-0.79373,-0.86494
20_20_59,-1.11116,-1.00997,-1.14202
20_20_60,-1.10876,-1.12439,-1.07606
20_21_60,-0.85223,-0.95882,-0.92255
21_21_61,-0.6373,-0.82754,-0.65854
20_21_61,-0.84667,-0.68429,-0.72982
21_21_62,-1.17364,-1.07419,-1.07868
21_21_63,-1.06018,-1.15271,-1.08047
21_22_63,-1.01017,-1.0717,-1.02743
22_22_64,-0.93677,-1.02668,-0.88926
21_22_64,-0.81324,-0.85865,-0.69818
22_22_65,-0.98018,-0.95609,-1.0139
22_22_66,-0.89871,-0.88676,-0.92247
22_23_66,-0.79131,-0.82126,-0.78522
23_23_67,-0.36,-0.2,-0.2
22_23_67,-0.5968,-0.62138,-0.64513
23_23_68,-0.72378,-0.75163,-0.85403
23_23_69,-0.73094,-0.79156,-0.7033
23_24_69,-0.73914,-0.6736,-0.7719
24_23_70,-0.2,0,0
23_23_70,-0.2,-0.232,0
24_24_70,-0.392,-0.46368,-0.232
23_24_70,-0.7033,-0.6009,-0.6181
24_24_71,-0.648,-0.72443,-0.69818
24_24_72,-0.63976,-0.55482,-0.6224
24_25_72,-0.84666,-0.73094,-0.70248
25_25_73,-0.5456,-0.4176,-0.75592
24_25_73,-0.76539,-0.61216,-0.64493
25_25_74,-0.93415,-0.9464,-0.87614
25_25_75,-0.80877,-0.74016,-0.63776
25_26_75,-0.66848,-0.76064,-0.72992
16_33_32,-1.04147,-1.07231,-0.95269
8_10_25,-0.2,-0.2,-0.3963
9_18_17,-1.69898,-1.76171,-1.77906
8_10_23,-0.2,0,0
8_18_15,-0.2,-0.23712,0
6_13_12,-1.79175,-1.77529,-1.80148
2_4_3,-2.0233,-1.68925,-1.69751
2_4_4,-1.3935,-1.28609,-1.38533
2_5_4,-1.22356,-1.11241,-1.17818
2_6_4,-1.95756,-1.9466,-1.92052
3_6_5,-1.92038,-1.40739,-1.95696
3_6_6,-2.01394,-1.18857,-1.99753
3_7_6,-1.77499,-1.76721,-0.91578
3_8_6,4.06329,-1.55834,-1.4801
4_8_7,-1.34338,-1.65927,-1.63149
4_8_8,-1.69943,-0.92717,-1.76176
4_9_8,-1.62071,-1.56867,-1.30596
4_10_8,-1.46022,-1.32098,-0.00104
5_10_9,6.1606,-1.67133,-1.6764
5_10_10,-1.48815,-1.55439,-1.44585
5_11_10,-1.18767,-1.17029,-1.24572
5_12_10,-0.97599,-1.1269,-0.96015
6_12_11,-1.89751,-1.85239,-1.77982
6_12_12,-1.8874,-1.88896,-1.91155
6_14_12,-1.5473,-1.54611,-1.50535
7_14_13,-1.60159,-1.55725,-1.66615
7_14_14,-1.56398,-1.5348,-1.61094
7_15_14,-1.49662,-1.46026,-1.48501
7_16_14,-1.43142,-1.46846,-1.56142
8_16_15,-1.80707,-1.81442,-1.85287
8_16_16,-1.82109,-1.78222,-1.75397
8_17_16,-1.68299,-1.61132,-1.60623
9_17_17,-1.41409,-1.3279,-1.52581
9_11_28,-0.36,-0.43694,-0.232
10_11_29,-0.80235,-0.87136,-0.83042
9_11_29,-0.2,-0.44492,0
10_22_20,-1.26802,-1.21519,-1.28766
11_23_22,-1.38571,-1.36158,-1.37357
11_24_22,-1.33158,-1.36066,-1.26003
12_24_23,-1.53174,-1.44773,-0.91427
12_24_24,-1.368,1.71171,-1.42779
12_25_24,-1.03691,2.52749,-1.00646
12_26_24,-1.20616,-1.0927,-1.15538
13_26_25,-1.32832,-1.46446,-1.37274
13_26_26,-1.33289,-1.27348,-1.3099
13_27_26,-1.04689,-1.08683,-1.12267
13_28_26,-1.23878,-1.07126,-1.20227
14_28_27,-1.25845,-1.3391,-1.38079
14_28_28,-1.3812,-1.33453,-1.31249
14_29_28,-1.25605,-1.21308,-1.16932
14_30_28,-1.05479,-0.91344,-1.107
15_30_29,-1.35679,-1.20459,-1.29308
14_30_29,-0.2,-0.2,-0.36509
15_30_30,-1.1625,-1.06117,-1.19383
15_31_30,-0.97089,-1.04631,-1.04127
15_32_30,-0.88612,-0.76202,-0.61515
16_31_30,-0.2,0,0
16_31_31,-0.82359,-0.9941,-0.79661
16_32_31,-1.18416,-1.21166,-1.2229
16_15_48,-0.2,0,0
16_31_32,-0.2,0,0
16_32_32,-1.06307,-1.11888,-1.13094
16_34_32,-0.98319,-0.83986,-0.87398
17_34_33,-1.16111,-1.09177,-1.10853
17_34_34,-1.24236,-1.23836,-1.17355
17_35_34,-0.9117,-0.96314,-0.97884
17_36_34,-0.85574,-0.64186,-0.73627
18_36_35,-1.2298,-1.25105,-1.30266
18_36_36,-0.98674,-1.25322,-1.06085
18_37_36,-0.8882,-0.9525,-0.91775
19_37_37,-0.70285,-0.80094,-0.65882
19_38_37,-1.27508,-1.12124,-1.2193
19_38_38,-1.33485,-1.40876,-1.36389
19_39_38,-1.05069,-1.13347,-1.16004
20_39_39,-0.75588,-0.63657,-0.68593
20_40_39,-0.85628,-1.12769,-0.83027
20_40_40,-0.89462,-0.74426,-0.78911
20_41_40,-0.76371,-0.66213,-0.77682
21_21_60,-0.2,-0.26764,-0.29614
20_42_39,-0.2,-0.26272,0
20_42_40,-0.63203,-0.44832,-0.47699
21_42_41,-0.91264,-0.93221,-0.90698
21_42_42,-0.81696,-0.72296,-0.8229
20_22_62,-0.2,0,0
22_44_43,-0.82513,-0.75552,-0.66848
22_44_44,-0.68896,-0.79639,-0.7184
22_45_44,-0.65312,-0.5456,-0.71968
23_45_45,-0.4176,-0.5456,-0.392
23_46_45,-0.392,-0.36,-0.40122
23_45_46,-0.2,0,0
22_23_68,-0.2,0,0
23_46_46,-0.36,-0.4432,-0.392
23_47_46,-0.4176,-0.46368,-0.2576
24_47_47,-0.6736,-0.5456,-0.57632
24_23_71,-0.2,0,0
25_50_50,-0.55072,-0.69306,-0.57632
25_51_50,-0.52,-0.6736,-0.5456
26_26_76,-0.2,-0.2,0
25_52_50,-0.2,-0.2,0
25_26_76,-0.5968,-0.42272,-0.44832
26_51_51,-0.57632,-0.392,-0.42272
26_26_77,-0.57632,-0.5712,-0.67872
26_52_51,-0.5456,-0.6992,-0.5712
26_26_78,-0.6009,-0.61544,-0.488
26_52_52,-0.392,-0.5456,-0.4176
26_27_78,-0.72378,-0.76678,-0.81102
26_53_52,-0.488,-0.55072,-0.488
23_22_64,-0.2,0,0
20_45_41,-0.2,0,0
17_16_46,-0.2,0,0
14_33_29,-0.2,0,0
7_18_16,-0.2,0,0
3_3_5,-1.84501,-1.84845,-1.91898
0_6_2,6.40569,0,0
0_2_0,-2.9581,-4.92392,-2.9595
1_2_1,-4.3482,4.0324,-4.35027
1_2_2,-3.68881,-3.89385,5.55178
1_3_2,-3.68507,-3.50084,-3.6855
1_2_5,0.86562,-0.30078,-0.3196
1_3_4,-1.27144,-1.26645,-1.36723
2_3_5,-2.39552,-2.30486,-2.39179
2_5_3,-1.84552,-1.73962,-1.89049
2_3_4,-3.00851,-2.75703,-3.01869
1_5_2,-2.59912,-2.9462,-2.83359
1_3_5,-0.86275,-1.11433,-0.84413
3_3_6,-2.3233,-2.20451,-2.38297
2_6_3,-1.03567,-1.23152,-1.30406
3_2_9,-0.60402,-0.33974,-0.42004
3_5_6,-1.08388,-0.69865,-0.81671
2_6_5,-0.81351,-0.66616,-0.02474
3_4_8,-0.42502,-0.08746,-0.38814
2_7_5,-0.2,-0.2576,3.73346
4_5_14,-0.2,-0.26272,7.36044
5_9_10,-0.79622,-0.50846,-0.68668
6_11_11,-1.17367,-1.31391,-1.10179
6_12_10,-0.2,-0.368,-0.27525
7_12_13,-0.4856,-0.56973,-0.30726
6_6_19,-0.57092,-0.23712,-0.38337
7_13_13,-1.39174,-1.53995,-1.40948
8_15_15,-1.51626,-1.44326,-1.57976
7_16_15,-0.2,-0.2,0
8_9_23,-0.36,3.57773,0
10_9_27,-0.2,0,0
8_9_27,-0.2,0,0
10_9_28,-0.2,-0.2,0
9_9_28,-0.2,1.0675,0
10_21_20,-1.1997,-1.14442,-1.23477
11_22_21,-1.40482,-1.43561,-1.31995
11_22_22,-1.31477,-1.35752,-1.4271
11_12_35,-0.2,-0.05833,0
12_25_23,-0.2,-0.28218,-0.2
12_13_35,-0.232,-0.32662,-0.37838
13_25_25,-0.78095,-0.9022,-0.59886
12_14_38,-0.2,-0.2873,-0.2
14_13_40,-0.2,0,0
13_29_27,-0.2,0,0
14_15_41,-0.2,-0.31266,0
15_29_28,-0.2,-0.29166,0
15_15_46,-0.4176,-0.2,0
15_32_31,-0.2,0,0
17_33_33,-0.86132,-0.71249,-0.66247
19_19_54,-0.2,-0.28764,0
17_38_35,-0.2,0,0
18_38_36,-0.88248,-0.70063,-0.7498
18_20_56,-0.2,-0.34558,0
21_44_42,-0.36,-0.4473,-0.45242
22_21_66,-0.2,-0.31105,0
22_43_44,-0.42272,-0.232,-0.2
22_46_44,-0.2,-0.2,0
24_24_69,-0.2,-0.2,0
24_48_47,-0.6736,-0.59168,-0.55482
24_48_48,-0.5456,-0.50075,-0.52512
24_50_48,-0.2,-0.2576,0
25_50_49,-0.57632,-0.65312,-0.53818
25_24_74,-0.2576,0,0
24_49_49,-0.2,0,0
24_50_49,-0.2,-0.29139,0
24_25_74,-0.2,-0.232,-0.26272
25_49_50,-0.2,-0.232,0
27_27_79,-0.57632,-0.392,-0.392
26_54_52,-0.2,-0.2,-0.2576
27_54_52,-0.2,-0.2,-0.232
27_27_80,-0.5456,-0.55072,-0.392
27_54_53,-0.5753,-0.52512,-0.5456
27_27_81,-0.36,-0.4176,-0.44832
27_54_54,-0.392,-0.56608,-0.59066
27_28_81,-0.5456,-0.392,-0.52512
27_55_54,-0.5456,-0.64288,-0.62752
28_27_82,-0.2,0,0
28_28_82,-0.392,-0.44832,-0.232
27_56_54,-0.392,-0.44832,-0.232
28_28_83,-0.57632,-0.5456,-0.5712
28_56_55,-0.5136,-0.5712,-0.392
28_28_84,-0.392,-0.5456,-0.392
28_56_56,-0.52,-0.36,-0.392
28_29_84,-0.52,-0.36,-0.36
28_57_56,-0.36,-0.36,-0.2
29_29_85,-0.392,-0.4176,-0.232
28_58_56,-0.36,-0.232,-0.2
28_29_85,-0.4176,-0.2,-0.2
29_57_57,-0.2,-0.2,-0.232
29_29_86,-0.5456,-0.5456,-0.55482
29_58_57,-0.392,-0.2,-0.232
29_29_87,-0.5456,-0.5456,-0.61216
29_58_58,-0.392,-0.392,-0.2
29_30_87,-0.5136,-0.6224,-0.52
29_59_58,-0.36,-0.36,-0.36
30_30_88,-0.392,-0.392,-0.2
29_60_58,-0.2,-0.2,-0.2
30_30_89,-0.4176,-0.5456,-0.4176
30_60_59,-0.392,-0.232,-0.392
30_30_90,-0.52,-0.52,-0.5456
30_60_60,-0.392,-0.392,-0.232
30_31_90,-0.52,-0.36,-0.36
30_61_60,-0.36,-0.36,-0.392
31_30_90,-0.2,0,0
29_61_59,-0.2,0,0
31_30_91,-0.2,0,0
31_61_61,-0.36,-0.36,-0.392
30_31_91,-0.392,-0.4176,-0.4176
31_62_60,-0.2,0,0
31_31_91,-0.2,-0.2,-0.232
31_62_61,-0.392,-0.2,-0.2
31_31_92,-0.392,-0.5456,-0.5456
31_62_62,-0.392,-0.2,-0.2
31_31_93,-0.488,-0.5456,-0.36
31_63_62,-0.36,-0.36,-0.36
31_32_93,-0.392,-0.488,-0.488
29_57_58,-0.232,0,0
28_29_86,-0.232,-0.232,0
22_47_44,-0.2,0,0
24_23_68,-0.2,0,0
16_34_31,-0.2,0,0
17_17_48,-0.2,0,0
10_14_15,8.97009,0,0
4_10_19,8.97009,0,0
0_1_2,-2.27966,-2.51529,6.38505
1_0_3,0.31116,0,0
1_4_2,-3.11724,-3.13217,-3.09349
2_1_4,-1.7853,-2.29272,-2.39925
1_1_4,2.32844,-0.49737,-0.53966
2_2_3,-2.99505,-2.82623,-2.99816
1_2_6,-0.2,-0.27825,-0.2
3_4_5,-1.38947,-1.15899,-1.30831
2_2_7,-0.2,-0.16417,0.61441
3_5_5,-1.00498,-1.07281,-1.17257
4_7_7,-1.06962,-1.3326,-1.321
3_5_9,0.37554,0,0
2_3_3,-2.50769,-2.53814,-2.60571
2_4_8,-0.2576,-0.38815,-0.24205
5_6_17,-0.46015,-0.37239,-0.62279
7_13_12,-0.2,-0.38376,-0.30641
1_0_2,18.63893,-0.89162,-1.02014
0_2_1,-1.77214,-4.30874,-4.35803
0_2_2,-2.43986,-2.41034,-2.64334
1_4_3,-1.74243,-1.46691,-1.47212
4_7_8,-0.232,0.32805,-0.2
4_3_12,-0.2576,0.47956,0
5_9_9,-1.39171,-1.41933,2.20603
7_14_12,-0.56257,-0.38917,-0.2
7_9_22,-0.2,0,0
8_14_16,-0.2,-0.2,0
6_8_22,-0.2,0,0
8_15_16,-0.65319,-0.2873,-0.34037
7_8_23,-0.2576,-0.50787,0
9_18_18,-1.60767,-1.63349,-1.64302
9_19_18,-1.30732,-1.26037,-1.24819
10_19_19,-0.8889,-0.81966,-0.98616
10_20_19,-1.36322,-1.32831,-1.43521
10_20_20,-1.30909,-1.32235,-1.36173
11_21_21,-0.86609,-0.94815,-1.00896
11_13_35,-0.232,0,0
13_14_38,-0.232,-0.2,0
13_27_25,-0.232,0,0
14_13_42,-0.2,-0.40237,0
14_27_28,-0.2,-0.2,-0.39965
16_15_45,-0.2576,-0.2,0
15_31_29,-0.232,-0.2968,-0.35066
12_12_31,-0.2,0,0
10_24_19,-0.2,0,0
10_8_22,-0.2,0,0
6_18_12,-0.2,0,0
3_1_3,1.00978,0,0
0_4_0,-4.94768,-4.52531,-4.52631
8_8_21,-0.2,-0.27894,-0.37211
6_8_21,-0.232,0,0
8_18_16,-1.5485,-1.64893,-1.51196
11_12_32,-0.70799,-0.8462,-0.5538
10_23_21,-0.2,-0.2576,0
8_7_17,-0.2,0,0
4_15_9,-0.2,0,0
4_2_4,4.54956,0,0
0_6_0,-4.92758,-3.56732,-4.92736
1_3_1,-2.56944,-4.31477,-4.31773
0_0_2,-4.25235,14.14342,-4.25565
2_1_5,-0.63946,-0.67889,-0.78545
2_3_8,-0.05474,-0.04218,-0.4264
2_1_2,-0.57335,-3.11134,-3.09537
2_1_3,-1.89784,-1.799,-2.0181
3_2_7,-0.32288,-0.01326,-0.39298
4_3_9,-0.2,0.25703,0
4_3_10,0.24309,0,0
0_3_0,-2.93594,-4.76826,-4.94552
0_3_1,-4.26623,-4.26048,-3.91538
2_4_2,-3.05135,-2.9612,-3.03135
6_10_11,-0.232,-0.52455,-0.2
5_5_16,-0.29663,-0.59412,-0.32374
1_4_1,-4.23932,-3.98654,-4.30148
0_4_1,-4.07416,-4.07048,-4.13039
1_5_1,-4.19676,-3.47622,-4.20853
0_5_1,-4.04213,-4.06221,-1.98967
0_5_0,-4.61391,-4.9514,-4.91392
0_7_0,-2.93744,-4.88741,-4.89336
0_8_0,-4.13865,-2.9699,-4.83166
0_9_0,-4.85384,-4.2619,-4.87962
0_3_2,-2.56806,-2.57919,-2.76236
0_2_3,-0.11287,1.59341,0
2_2_2,-3.25691,-2.70452,-3.25505
2_0_4,-0.48021,-0.43157,2.42504
2_3_2,-3.44403,-2.92901,-3.46588
2_5_2,-3.23993,-2.72025,-3.21673
3_5_3,-1.92436,-1.84239,-1.91021
3_6_3,-2.36968,-2.44787,-2.3882
2_7_2,-1.67145,-1.47247,-1.44772
2_4_5,-1.44129,-1.2866,-1.28218
3_7_3,-2.21679,-2.09555,-2.18662
3_4_6,-2.37639,-2.28613,-2.37628
4_7_4,-1.36204,-1.38914,-1.2776
3_4_7,-1.47972,-1.45916,-1.26184
4_6_4,-0.57632,-0.5456,-1.04891
2_4_6,-0.82238,-0.45982,-0.5437
4_8_4,-1.90532,-1.86072,-1.85558
4_4_8,-1.37453,-1.44413,-1.52105
4_9_4,-1.7366,-1.74688,-1.43974
4_5_8,-1.96063,-1.925,-1.85126
3_5_7,-0.2,-0.2,-0.2
4_4_7,-1.48489,-1.42775,-1.37821
3_4_3,-2.01579,-1.9295,-1.97759
3_3_3,-2.4339,-1.82423,-2.45165
0_1_3,-0.55507,0.30007,-0.72029
3_2_3,-0.92314,-0.92314,-0.55334
3_1_4,-0.392,-0.392,0.0505
3_2_4,0.95964,-0.2,-0.232
0_10_0,-4.73559,-4.92197,-4.92119
0_11_0,-4.74293,-4.73066,-4.54488
0_12_0,-4.10305,-4.52328,-4.81168
0_13_0,-4.77551,-4.86632,-4.8645
0_14_0,-4.46074,-3.71459,-4.45678
0_15_0,-4.76279,-4.56708,-4.70742
3_2_6,-0.70437,0.48937,-0.68735
3_7_5,-0.07472,-0.35866,-0.01079
9_20_18,-0.99234,-1.14017,-1.16371
12_26_25,-0.2,-0.23712,-0.38719
12_12_33,-0.2,0,0
9_24_21,-0.2,0,0
8_19_18,-0.2,0,0
8_6_22,-0.39712,-0.2,-0.2
6_14_14,-0.2,0,0
7_5_18,-0.2,5.03777,0
5_12_11,-0.2,-0.00772,-0.2
5_3_11,-0.69936,-0.66106,-0.66318
2_8_6,-0.2,0,0
3_1_5,5.07118,0,0
0_4_2,-0.38431,0,0
12_23_23,-1.03581,-1.01864,-0.9425
14_27_27,-0.78001,-0.52582,-0.57277
15_29_29,-0.75601,-0.86428,-0.84824
18_35_35,-0.79367,-0.91513,-0.75307
21_41_41,-0.65915,-0.62832,-0.50157
21_43_42,-0.5456,-0.62752,-0.66131
22_43_43,-0.43808,-0.48027,-0.51058
17_37_35,-0.2,-0.232,0
13_17_42,-0.2,0,0
12_14_37,-0.2,0,0
11_13_34,-0.24122,0,0
6_8_20,-0.2,-0.31782,0.98477
3_5_11,-0.2,-0.21779,0
2_5_8,0.09269,0,0
9_8_25,-0.26682,-0.29795,0
9_11_27,-0.2,0,0
10_11_28,-0.2,-0.2,-0.2
9_21_18,-0.36,-0.2,-0.2576
10_21_19,-0.50423,-0.23712,-0.26272
19_20_56,-0.55125,-0.59298,-0.2873
19_39_37,-0.232,-0.39712,-0.32238
19_40_38,-0.88429,-0.76946,-0.63858
20_19_60,-0.2576,0,0
20_39_40,-0.232,-0.26272,-0.2
13_26_24,-0.20949,-0.2,0
4_2_14,-0.2,0,0
5_6_10,-1.28168,-1.1702,-1.2099
3_1_6,2.72284,-0.53417,-0.38057
2_0_3,0.54545,-0.2,-0.09181
8_7_24,-0.29221,-0.34919,0
9_20_19,-0.2,0,0
9_21_19,-0.232,-0.36205,0
17_19_52,-0.2,0,0
17_36_35,-0.2,0,0
23_22_67,-0.36,0,0
23_22_68,-0.3856,0,0
23_48_46,-0.2,-0.2576,0
24_49_48,-0.4176,-0.36,-0.36
26_27_79,-0.392,-0.42272,-0.2
28_55_55,-0.42272,-0.2,-0.2
27_28_82,-0.42272,-0.2,-0.2
29_30_86,-0.36,0,0
31_30_93,-0.36,0,0
32_32_94,-0.2,-0.2,-0.232
31_32_94,-0.2,-0.2,-0.232
32_32_95,-0.36,-0.392,-0.4176
32_32_96,-0.52,-0.36,-0.36
32_33_96,-0.36,-0.36,-0.232
33_33_97,-0.36,-0.392,-0.2
32_33_97,-0.4176,-0.2,-0.2
33_33_98,-0.5456,-0.392,-0.36
33_33_99,-0.5456,-0.392,-0.36
33_34_99,-0.488,-0.36,-0.36
34_34_100,-0.392,-0.2,-0.2
33_34_100,-0.2,-0.2,-0.232
34_34_101,-0.36,-0.4176,-0.4176
34_34_102,-0.52,-0.5456,-0.36
34_35_102,-0.52,-0.36,-0.36
35_35_103,-0.36,-0.392,-0.4176
34_35_103,-0.392,-0.232,-0.2
35_35_104,-0.52,-0.36,-0.392
34_35_104,-0.2,0,0
35_35_105,-0.36,-0.392,-0.4176
35_36_105,-0.488,-0.36,-0.36
36_36_106,-0.2,-0.2,-0.2
35_36_106,-0.2,-0.232,-0.2576
36_36_107,-0.5456,-0.36,-0.52922
36_36_108,-0.5712,-0.36,-0.66541
36_37_108,-0.69792,-0.5456,-0.648
37_37_109,-0.36,-0.2576,-0.392
36_37_109,-0.39712,-0.2,-0.2
37_37_110,-0.36,-0.392,-0.4432
37_37_111,-0.488,-0.52,-0.392
37_38_111,-0.36,-0.392,-0.36
38_38_112,-0.4176,-0.2,-0.2
37_38_112,-0.2,-0.2576,-0.2576
38_38_113,-0.488,-0.488,-0.52
38_38_114,-0.36,-0.36,-0.2
36_74_72,-0.2,-0.2,0
36_73_72,-0.36,-0.2,-0.2
37_74_73,-0.392,-0.2,-0.232
37_74_74,-0.36,-0.392,-0.2
37_75_74,-0.36,-0.2,-0.2
37_76_74,-0.2,-0.2576,-0.2
38_76_76,-0.392,-0.36,-0.2
38_39_114,-0.2,-0.2,-0.2
38_77_76,-0.36,-0.36,-0.2
39_39_115,-0.2,-0.2,-0.2
38_78_76,-0.2,-0.2,-0.2
39_39_116,-0.392,-0.2,-0.2
39_78_77,-0.36,-0.2,-0.2
39_39_117,-0.392,-0.36,-0.2
39_78_78,-0.2,-0.2,-0.2
39_40_117,-0.36,-0.36,-0.2
39_79_78,-0.2,-0.2,-0.2
40_40_118,-0.2,-0.2,-0.232
39_80_78,-0.2,-0.2,0
40_40_119,-0.392,-0.392,-0.36
40_80_79,-0.392,-0.2,-0.2
40_40_120,-0.36,-0.392,-0.36
40_80_80,-0.392,-0.2,-0.2
40_41_120,-0.36,-0.36,-0.2
40_81_80,-0.36,-0.36,-0.2
41_41_121,-0.2,-0.2,-0.2
40_82_80,-0.2,-0.2,0
41_41_122,-0.392,-0.36,-0.36
41_82_81,-0.2,-0.2,0
41_41_123,-0.4176,-0.36,-0.36
41_82_82,-0.2,-0.2,0
41_42_123,-0.52,-0.36,-0.36
41_83_82,-0.2,-0.2,-0.2
42_42_124,-0.2,-0.2,-0.2
41_84_82,-0.2,0,0
42_42_125,-0.5456,-0.36,-0.36
42_84_83,-0.2,-0.2,-0.2
42_42_126,-0.5456,-0.5456,-0.3856
42_84_84,-0.2,-0.2,0
42_43_126,-0.488,-0.488,-0.36
42_85_84,-0.2,-0.2,0
43_43_127,-0.2,-0.2,-0.2
42_86_84,-0.2,-0.2,0
43_43_128,-0.2,-0.36,0
43_86_85,-0.2,-0.392,0
43_43_129,-0.36,-0.2,-0.36
43_86_86,-0.2,-0.2,-0.2
43_44_129,-0.36,-0.2,-0.2
44_44_130,-0.2,-0.2,-0.2
43_44_130,-0.2,-0.2,0
44_44_131,-0.36,-0.2,-0.2
44_44_132,-0.36,-0.2,-0.36
44_45_132,-0.36,-0.2,0
45_45_133,-0.2,-0.2,0
44_45_133,-0.2,-0.36,0
45_45_134,-0.36,-0.2,-0.2
44_45_134,-0.2,-0.2,0
45_45_135,-0.36,-0.2,0
45_46_135,-0.36,-0.2,0
46_46_136,-0.2,-0.2,0
45_46_136,-0.2,0,0
46_46_137,-0.36,-0.2,0
46_46_138,-0.36,-0.2,0
46_47_138,-0.36,-0.2,0
47_47_139,-0.2,-0.2,0
46_47_139,-0.2,0,0
47_47_140,-0.36,-0.2,0
47_47_141,-0.36,-0.2,0
47_48_141,-0.36,-0.2,0
48_47_142,-0.2,0,0
47_47_142,-0.2,0,0
48_48_142,-0.2,-0.2,0
47_48_142,-0.2,0,0
48_48_143,-0.36,-0.2,0
48_48_144,-0.36,-0.2,0
48_49_143,-0.36,0,0
48_49_144,-0.36,-0.2,0
49_49_145,-0.2,-0.2,-0.2
48_49_145,-0.2,-0.2,0
49_49_146,-0.36,-0.2,0
49_49_147,-0.36,-0.2,0
49_50_147,-0.36,-0.2,0
50_50_148,-0.2,-0.2,0
49_50_148,-0.2,0,0
50_50_149,-0.36,-0.2,0
50_50_150,-0.36,-0.2,0
50_51_150,-0.36,-0.2,0
51_51_151,-0.2,-0.2,0
50_51_151,-0.2,0,0
51_51_152,-0.36,-0.2,-0.2
50_51_152,-0.2,0,0
51_51_153,-0.36,-0.2,0
51_52_153,-0.36,-0.2,0
52_52_154,-0.2,-0.2,0
51_52_154,-0.2,0,0
52_52_155,-0.36,-0.2,0
52_52_156,-0.36,-0.2,0
52_53_156,-0.36,-0.2,0
53_53_157,-0.2,-0.2,-0.2
52_53_157,-0.36,0,0
53_53_158,-0.36,-0.2,0
53_53_159,-0.36,-0.2,0
53_54_159,-0.36,-0.2,-0.2
54_54_160,-0.2,-0.2,0
53_54_160,-0.2,0,0
54_54_161,-0.36,-0.2,0
54_54_162,-0.36,-0.2,0
54_55_162,-0.36,-0.2,0
55_55_163,-0.2,-0.2,0
54_55_163,-0.2,-0.2,0
55_55_164,-0.36,-0.2,-0.2
55_55_165,-0.36,-0.2,0
55_56_165,-0.36,-0.2,-0.232
56_56_166,-0.36,-0.2,-0.2
55_56_166,-0.2,-0.2,0
56_56_167,-0.36,-0.2,0
56_56_168,-0.36,-0.2,-0.2
56_57_168,-0.36,-0.2,0
57_56_168,-0.2,0,0
57_56_169,-0.2,0,0
56_56_169,-0.2,0,0
57_57_169,-0.2,-0.2,0
56_57_169,-0.2,0,0
57_57_170,-0.36,-0.2,0
57_57_171,-0.36,-0.2,0
57_58_171,-0.36,-0.2,0
58_58_172,-0.2,-0.2,0
57_58_172,-0.2,0,0
58_58_173,-0.36,-0.2,-0.2
58_58_174,-0.36,-0.2,0
58_59_174,-0.36,-0.2,0
59_59_175,-0.2,-0.2,0
58_59_175,-0.2,0,0
59_59_176,-0.36,-0.2,0
59_59_177,-0.36,-0.2,0
59_60_177,-0.36,-0.2,0
55_54_163,-0.2,0,0
54_54_163,-0.2,0,0
29_30_88,-0.4176,-0.2,-0.232
26_28_76,-0.2,0,0
26_54_50,-0.2,0,0
23_25_65,-0.2,0,0
24_48_42,-0.2,0,0
22_24_61,-0.2,0,0
23_46_39,-0.2,0,0
21_22_58,-0.2,-0.2,0
22_43_37,-0.2,-0.2,0
18_20_52,-0.2,0,0
20_38_34,-0.2,0,0
14_19_43,-0.2,0,0
17_33_29,-0.2,-0.2,0
12_17_35,-0.2,0,0
14_29_23,-0.2,0,0
8_14_26,-0.2,0,0
12_22_18,-0.2,0,0
6_12_18,-0.2,0,0
10_18_12,-0.2,0,0
4_10_13,-0.2,0,0
9_14_9,-0.2,-0.2,0
1_8_6,-0.2,0,0
5_9_5,-0.97872,-0.83226,-0.86486
0_5_2,-0.96701,-0.2,-0.96384
2_0_2,-4.33141,-4.31127,13.83825
1_3_3,-2.50341,-2.17703,-2.27837
2_6_2,-2.40166,-2.37797,-2.58295
3_8_3,-1.18316,-1.04594,-1.33845
5_5_9,-1.96452,-1.97334,-1.98472
4_10_4,-1.65669,-1.63621,-1.66002
5_4_9,-0.392,-0.4432,-0.52
5_5_8,-0.35431,-0.2,-0.2
3_10_3,-0.57736,-0.2,-0.2
4_5_7,-0.62056,-0.5729,-0.5136
3_9_3,-0.6294,-0.65284,-0.45221
2_5_5,-0.36,-0.4899,-0.09963
1_5_4,1.99059,-0.2,-0.232
1_4_4,-0.85229,-0.89849,-0.83492
10_12_31,-0.2,-0.28722,0
11_12_31,-0.2,-0.2,0
12_11_34,-0.26764,-0.2,-0.329
11_11_34,-0.232,-0.30828,0
18_35_36,-0.232,0,0
18_17_54,-0.26272,0,0
21_43_41,-0.232,0,0
21_22_62,-0.2,-0.28136,0
20_19_58,-0.2,-0.27337,-0.28545
16_29_30,-0.2,0,0
15_14_45,-0.2,0,0
13_20_23,-0.2,0,0
12_8_35,-0.2,0,0
10_13_15,-0.2,0,0
9_4_24,-0.2,0,0
5_6_5,-0.55281,-0.73856,-0.45507
6_0_11,-0.2,0,0
3_0_3,-0.2,3.74131,0
5_8_7,-0.2,0,0
0_3_5,-0.2,-0.38854,0
4_3_5,-0.392,0.78506,-0.392
0_3_3,-1.44285,-1.32611,-1.34029
3_0_6,-0.2,0.94144,0
0_4_3,-0.46361,-1.04853,-0.75492
3_1_7,-0.2,0,0
3_2_8,-0.29808,-0.21104,-0.43017
1_6_2,-2.37627,-2.51717,-1.28787
1_4_7,-0.2,0,0
5_9_7,-0.2,-0.2,0
5_4_12,-0.78077,-0.45984,-0.7025
5_9_8,-0.50794,-0.2,-0.31921
5_4_14,-0.17029,5.06596,0
3_6_13,-0.2,0,0
4_6_14,-0.32978,-0.2,-0.2
3_8_4,-0.2,0.39077,0
4_4_9,-0.07228,0.26076,0
3_8_5,3.76224,0,0
2_7_4,-0.13732,-0.2,-0.22487
4_8_6,-1.03175,-0.91594,-0.96701
2_9_5,-0.2,-0.1643,0
4_5_9,-0.98044,-1.06292,-0.79261
3_9_6,-0.58087,-0.74558,-0.66392
4_5_10,-0.2,0,0
4_9_7,-1.59187,-0.92127,-1.12316
4_5_11,-0.53035,-0.67538,-0.36864
7_15_12,-0.2,0,0
7_8_19,-0.2,0,0
7_15_13,-0.66448,-0.52467,0.05826
7_8_20,-0.10993,-0.32445,-0.36931
7_9_23,-0.29856,-0.38832,0
9_16_18,-0.2,0,0
7_9_25,-0.2,0,0
9_17_18,-0.26272,-0.39864,0
8_9_26,-0.31515,0,0
9_19_17,-0.26682,-0.28953,-0.53885
9_10_26,-0.30925,-0.31826,-0.41318
9_20_17,-0.2576,-0.35407,0
10_10_27,-0.27537,0,0
8_21_16,-0.2,-0.2,0
10_11_26,-0.2,-0.2,0
9_21_17,-0.2,-0.2,-0.232
10_11_27,-0.2,-0.2,8.73431
7_21_15,-0.2,0,0
10_11_25,-0.2,0,0
9_22_19,-0.26272,-0.30957,0
13_24_25,-0.2,-0.40247,0
11_13_36,-0.232,0,0
14_16_44,-0.31494,0,0
18_20_55,-0.2,0,0
18_38_37,-0.51085,-0.27808,-0.29139
18_39_37,-0.23712,-0.2576,-0.32291
19_20_55,-0.2,0,0
17_39_36,-0.2,0,0
17_19_55,-0.2,0,0
19_36_38,-0.2,-0.35009,0
18_19_56,-0.3045,-0.33137,-0.36879
19_37_38,-0.56605,-0.29372,-0.3391
20_18_58,-0.2,0,0
20_43_41,-0.232,0,0
15_12_15,-0.2,0,0
0_27_0,-4.20584,-4.16528,-4.14769
10_0_10,6.50986,0,0
1_8_1,-3.9691,-4.01884,-3.99114
1_11_1,-3.67278,-3.62004,-3.63789
1_9_1,-4.42829,-4.51612,-4.53136
3_4_11,-0.36053,-0.10683,-0.19854
7_6_19,-0.44574,-0.33922,-0.35472
7_16_13,-0.26764,-0.35333,0
9_9_24,-0.26829,-0.16134,0
3_3_11,-0.02514,0,0
3_6_8,-0.14821,0,0
7_12_12,-0.2,-0.2,0
9_8_24,-0.2,0,0
7_17_15,-0.29958,-0.30249,-0.34214
5_8_9,-0.20214,-0.35562,0
5_13_11,-0.27383,0,0
8_7_23,-0.35014,-0.36969,0
7_18_15,-0.11595,0,0
11_9_32,-0.2,0,0
10_20_21,-0.2,-0.2,0
11_10_32,-0.34194,0,0
10_21_21,-0.2,-0.2,0
10_22_21,-0.59309,-0.33041,-0.3529
8_21_17,6.34795,0,0
3_7_7,7.74875,0,0
4_3_11,2.39804,0,0
1_5_3,-0.54657,-0.54012,-0.75507
2_0_5,0.0683,-0.92314,-0.92314
2_1_6,-0.38159,-0.32392,-0.39769
3_4_4,-0.76038,-0.55252,-0.81796
3_6_4,-0.7059,-0.79342,-0.68071
4_3_7,-0.2,0,0
2_7_3,-0.2,-0.27877,-0.37896
4_3_8,-0.2,0,0
3_5_4,-0.44645,-0.53405,-0.2576
3_9_7,-0.29971,0,0
5_11_9,-0.07313,-0.12824,0.16748
5_6_14,-0.24308,-0.44098,-0.23384
5_11_11,-0.2,-0.2,0
6_11_12,-0.44909,-0.39646,-0.67237
6_13_11,-0.30496,-0.30718,-0.2
7_6_18,-0.2,-0.2,-0.2
10_18_18,-0.2,-0.2,0
10_18_19,0.78418,0,0
5_5_12,-0.26682,-0.22759,0
3_10_7,-0.28208,0,0
8_6_24,-0.2,0,0
8_9_22,-0.2,0.59781,0
8_17_14,-0.2,0,0
8_17_15,4.94052,0,0
6_15_13,-0.33273,0,0
24_46_47,-0.232,0,0
25_49_49,-0.39712,-0.43419,-0.232
27_53_53,-0.42272,-0.232,-0.2
30_59_59,-0.2,-0.2,-0.232
30_62_60,-0.2,-0.232,0
31_64_62,-0.2,-0.2,0
32_64_63,-0.392,-0.2,-0.2
32_64_64,-0.392,-0.2,-0.2
32_65_64,-0.36,-0.3856,-0.2
32_66_64,-0.2,-0.2,0
33_66_65,-0.2,-0.2,-0.2
33_66_66,-0.2,-0.2,-0.2
33_67_66,-0.2,-0.2,-0.2
33_68_66,-0.2,-0.2,0
34_68_67,-0.392,-0.2,-0.2
34_68_68,-0.36,-0.2,-0.2
34_69_68,-0.2,-0.2,-0.2
34_70_68,-0.2,-0.232,0
35_70_69,-0.392,-0.2,-0.2
35_70_70,-0.36,-0.2,-0.2
35_71_70,-0.2,-0.2,-0.2
35_72_70,-0.2,0,0
36_72_71,-0.2,-0.232,-0.2
36_72_72,-0.2,-0.232,0
38_76_75,-0.2,-0.2,-0.232
39_77_77,-0.2,-0.232,0
38_39_115,-0.2,-0.232,0
39_40_118,-0.2,-0.232,0
40_41_121,-0.2,-0.232,0
41_42_124,-0.392,-0.2,-0.232
43_87_86,-0.2,-0.2,0
43_88_86,-0.2,0,0
44_88_87,-0.2,-0.2,0
44_88_88,-0.2,0,0
38_40_113,-0.2,0,0
38_78_75,-0.2,0,0
27_55_53,-0.2,-0.2576,0
27_28_80,-0.2,-0.232,0
23_42_43,-0.2,0,0
20_22_63,-0.2,0,0
16_30_31,-0.00316,0,0
8_10_27,-0.2,0,0
5_10_7,4.5013,0,0
4_6_11,5.87663,0,0
7_7_17,-0.36,-0.2,-0.2
1_1_5,1.05513,0,0
5_10_11,-0.2,0,0
6_14_11,-0.33944,-0.38534,0
10_8_24,-0.2,0,0
7_18_14,-0.2,0,0
6_2_14,-0.2,0,0
5_8_8,-0.2,0,0
3_0_9,-0.2,0,0
4_3_6,0.5204,0,0
2_0_6,6.60058,0,0
3_2_5,-0.91886,-0.75399,-0.75327
1_8_2,-1.65569,-2.19803,-2.31428
0_8_1,-3.71835,-3.74132,-3.75363
1_7_2,-1.51302,-1.16748,-1.17373
1_7_1,-3.8781,-3.87571,-3.88061
1_9_2,-1.48034,-1.81732,-1.79005
1_10_1,-4.07536,-4.01845,-4.11024
1_12_1,-3.42356,-3.32411,-3.34818
1_13_1,-3.16031,-3.00569,-3.18451
1_14_1,-2.77707,-2.68557,-2.81436
1_15_1,-3.12081,-2.83684,-2.76904
0_16_0,-4.54615,-4.50691,-4.44202
0_15_1,-1.64601,-1.88278,-1.80199
0_16_1,-1.06966,-1.00863,-1.10668
1_16_1,-2.32828,-2.6007,-2.65381
0_17_1,-0.70553,-1.24247,-0.79597
1_17_1,-2.20602,-2.6103,-2.28162
1_16_2,-0.2,0,0
1_16_3,-0.2,0,0
1_17_2,-0.36,-0.98574,-0.42852
2_16_4,-0.2,0,0
1_18_2,-0.2,-0.38827,-0.80759
2_16_5,-0.2,-0.2,0
2_18_3,-0.2,-0.2,0
1_16_4,-0.2,0,0
2_17_3,-0.2,0,0
2_16_6,-0.2,-0.2,0
2_18_4,-0.2,0,0
3_16_7,-0.2,0,0
2_19_4,-0.2,0,0
3_16_8,-0.2,-0.2,0
3_19_5,-0.2,-0.2,0
1_16_5,-0.2,0,0
3_17_4,-0.2,0,0
3_18_4,-0.2,0,0
2_16_7,-0.2,0,0
3_18_5,-0.2,0,0
3_16_9,-0.2,0,0
3_19_6,-0.2,-0.2,0
4_16_8,-0.2,0,0
3_20_4,-0.2,0,0
4_16_9,-0.2,0,0
3_20_5,-0.2,0,0
4_16_10,-0.2,0,0
3_20_6,-0.2,-0.2,0
4_16_11,-0.2,0,0
4_20_7,-0.2,-0.2,0
4_16_12,-0.2,0,0
4_20_8,-0.2,0,0
5_16_11,-0.2,-0.2,0
4_21_6,-0.2,0,0
5_16_12,-0.2,0,0
4_21_7,-0.2,-0.2,0
5_16_13,-0.2,0,0
4_21_8,-0.2,0,0
5_16_14,-0.2,0,0
5_21_9,-0.2,0,0
5_16_10,-0.2,0,0
5_21_5,-0.2,0,0
6_16_11,-0.2,-0.2,0
5_22_5,-0.2,-0.2,0
1_16_6,-0.2,0,0
5_17_5,-0.392,-0.36,-0.2
0_17_5,-0.2,0,0
0_17_0,-4.38691,-4.3727,-4.27998
0_18_0,-4.46886,-4.62162,-3.47695
1_18_1,-1.35131,-0.81406,-0.95931
0_19_0,-4.02181,-4.09399,-3.99501
1_17_3,-0.2576,-0.80759,0
1_11_2,-1.56474,-1.71276,-1.75614
0_11_1,-2.98277,-2.92133,-2.7687
0_9_1,-4.18634,-4.0814,-4.20505
1_6_1,-3.545,-2.73928,-3.56233
0_6_1,-3.14709,-3.16186,-3.20423
0_7_1,-3.00249,-2.92138,-3.12296
0_12_1,-2.564,-2.76944,-2.5619
1_14_2,-1.16434,-1.38889,-1.21954
0_14_1,-2.20453,-1.78397,-2.22504
0_13_1,-3.03147,-2.44724,-2.79181
0_20_0,-3.23913,-3.08322,-3.05823
0_21_0,-2.90854,-3.52957,-3.56454
0_22_0,-4.30329,-4.15353,-4.13741
0_10_1,-3.54587,-3.47548,-3.42227
1_19_1,-0.77579,-0.2,-0.66308
1_20_1,-0.31105,0,0
1_22_1,-0.77302,-1.16845,-1.1892
0_23_0,-4.30047,-3.2184,-4.32095
0_22_1,-0.33612,-0.49682,-0.58659
0_24_0,-3.94223,-3.97192,-3.98469
1_24_1,-0.232,-0.23712,-0.54487
0_25_0,-4.37663,-4.15194,-4.26601
1_23_1,-1.46096,-1.07244,-1.46543
1_23_2,-0.23712,0,0
1_25_1,-0.2,-0.79024,-0.65194
0_26_0,-3.85172,-3.81893,-3.63444
1_26_1,-0.392,-0.36,-0.2
0_26_1,-0.36,-0.2,-0.2
0_28_0,-4.32537,-4.32701,-3.70008
1_27_1,-1.02637,-0.81392,-0.63575
0_27_1,-0.71957,-0.47575,-0.58221
0_18_1,-0.49825,0,0
15_20_46,-0.2,0,0
16_35_31,-0.2,0,0
12_20_38,-0.2,0,0
14_32_26,-0.2,0,0
11_20_34,-0.2,0,0
12_31_23,-0.2,0,0
8_20_22,-0.2,0,0
8_28_14,-0.2,0,0
3_20_9,-0.2,0,0
2_23_6,-0.2,0,0
2_20_8,-0.2,0,0
2_22_6,-0.2,0,0
0_20_1,-1.34088,0,0
3_3_4,-1.41444,-1.42754,-1.54875
4_4_4,-0.57632,-0.57632,-0.5136
4_3_4,0.26604,-0.232,-0.2
0_3_4,-0.85473,0.022,0
5_14_8,-0.2,0,0
5_9_13,-0.2,0,0
5_12_8,-0.2,0,0
3_9_11,-0.2,0,0
3_11_4,-0.86427,0,0
2_9_6,-0.86427,0,0
5_5_10,-1.77798,-1.84574,-1.72313
5_10_5,-1.13872,-1.27647,-1.00184
5_11_5,-0.88118,-0.77981,-0.79275
6_6_11,-1.17199,-1.13844,-1.27504
5_12_5,-0.83516,-0.90628,-0.85329
6_5_12,-0.60309,-0.392,-0.59295
6_11_6,-0.75327,-0.77558,-0.79028
6_6_12,-1.62082,-1.52364,-1.59515
6_12_6,-1.40194,-1.27693,-1.33534
6_7_12,-1.45432,-1.48549,-1.44935
6_13_6,-1.34032,-1.46697,-1.29238
5_7_11,-0.71978,-0.58934,-0.46696
4_7_10,-0.392,-0.392,-0.36
1_0_4,4.16139,0,0
3_0_4,4.91564,0,0
5_10_8,-0.2,-0.36186,0
5_11_8,-0.2,-0.2,0
5_6_13,-0.2,-0.2,0
6_11_9,-0.2,0,0
6_12_9,-0.2,-0.36,0
6_6_15,-0.52772,-0.32433,-0.42534
6_13_9,-0.2,0,0
6_7_15,-0.2,0,0
7_13_10,-0.2,0,0
7_14_10,-0.2,0,0
7_15_10,-0.2,0,0
7_8_17,-0.2,0,0
8_15_11,-0.2,0,0
7_8_18,-0.2,0,0
8_16_11,-0.2,0,0
8_8_19,-0.2,0,0
8_17_11,-0.2,0,0
8_9_19,-0.2,0,0
9_17_12,-0.2,-0.2,0
8_9_20,-0.2,0,0
9_18_12,-0.2,0,0
9_9_21,-0.2,0,0
9_19_12,-0.2,0,0
9_10_21,-0.2,0,0
10_19_13,-0.2,0,0
9_10_22,-0.2,0,0
10_20_13,-0.2,0,0
10_10_23,-0.2,0,0
10_21_13,-0.2,0,0
10_11_23,-0.2,0,0
11_21_14,-0.2,0,0
10_11_24,-0.2,0,0
11_22_14,-0.2,0,0
11_11_25,-0.2,0,0
11_22_15,-0.2,0,0
11_11_26,-0.2,0,0
11_23_15,-0.2,0,0
11_12_26,-0.2,0,0
12_23_16,-0.2,0,0
11_12_27,-0.2,0,0
12_24_16,-0.2,0,0
12_12_28,-0.2,0,0
12_25_16,-0.2,0,0
12_13_28,-0.2,0,0
13_25_17,-0.2,0,0
12_13_29,-0.2,0,0
13_26_17,-0.2,0,0
13_13_30,-0.2,0,0
13_27_17,-0.2,0,0
13_14_30,-0.2,0,0
14_27_18,-0.2,0,0
13_14_31,-0.2,0,0
14_28_18,-0.2,0,0
14_14_32,-0.2,0,0
14_29_18,-0.2,0,0
14_15_32,-0.2,0,0
15_29_19,-0.2,0,0
14_15_33,-0.2,0,0
15_30_19,-0.2,0,0
15_15_34,-0.2,0,0
14_28_17,-0.2,0,0
14_14_31,-0.2,0,0
13_27_16,-0.2,0,0
13_14_29,-0.2,0,0
13_27_15,-0.2,0,0
13_14_28,-0.2,0,0
13_24_13,-0.2,-0.2,0
11_13_24,-0.2,-0.2,0
12_23_12,-0.392,-0.42272,-0.42272
11_12_23,-0.55072,-0.57632,-0.392
11_23_11,-0.55072,-0.57632,-0.58042
12_11_23,-0.2,0,0
11_12_22,-0.82208,-0.77902,-0.84256
9_10_19,-0.57632,-0.66234,-0.57632
10_10_19,-0.57632,-0.392,-0.55072
9_10_18,-1.12132,-1.11904,-1.12015
8_10_17,-0.42764,-0.2,-0.3517
9_10_17,-0.2,0,0
9_9_17,-1.19492,-1.2715,-1.10046
8_9_17,-0.65185,-0.68465,-0.66295
9_9_18,-1.0328,-0.93021,-1.07413
7_7_13,-0.95635,-1.00606,-0.89562
6_7_13,-1.39824,-1.50141,-1.61638
5_6_9,-0.36,-0.42272,-0.56693
4_6_9,-0.36,-0.232,0.21568
6_14_6,-0.81605,-0.78142,-0.85075
7_7_14,-1.54923,-1.45557,-1.49878
7_14_7,-1.4251,-1.49626,-1.543
7_8_14,-1.79311,-1.67235,-1.82513
7_15_7,-1.64395,-1.62384,-1.71066
8_8_15,-1.25348,-1.15323,-1.24355
7_16_7,-1.15648,-1.14902,-1.17223
8_8_16,-1.2719,-1.45776,-1.35819
8_16_8,-1.35987,-1.17624,-1.25364
8_9_16,-1.26477,-1.36013,-1.24816
8_17_8,-1.29713,-1.28766,-1.33101
8_18_8,-1.07715,-0.95085,-1.10765
9_18_9,-0.93214,-1.02841,-0.94201
9_19_9,-1.13516,-0.99756,-1.07728
9_20_9,-0.55072,-0.44832,-0.42272
10_10_20,-0.5712,-0.59762,-0.6009
10_20_10,-0.72869,-0.75327,-0.70473
10_11_20,-0.82602,-0.84174,-0.84586
10_21_10,-0.75327,-0.75327,-0.87402
11_11_21,-0.392,-0.43091,-0.45221
10_22_10,-0.2,-0.2,-0.26272
11_11_22,-0.76474,-0.59168,-0.82106
11_22_11,-0.57632,-0.6009,-0.5968
12_12_23,-0.392,-0.392,-0.42272
11_24_11,-0.36,-0.232,-0.232
12_12_24,-0.57632,-0.62465,-0.392
12_24_12,-0.5136,-0.5456,-0.60172
12_13_24,-0.81286,-0.72787,-0.71866
12_25_12,-0.6777,-0.72378,-0.5712
13_13_25,-0.488,-0.42272,-0.392
12_26_12,-0.392,-0.2576,-0.36
13_13_26,-0.65696,-0.74016,-0.69408
13_26_13,-0.6224,-0.5456,-0.52
13_14_26,-0.648,-0.67872,-0.68364
13_27_13,-0.392,-0.4176,-0.42272
14_14_27,-0.392,-0.4176,-0.2
13_28_13,-0.2,-0.232,0
14_14_28,-0.69408,-0.72378,-0.75736
14_28_14,-0.52,-0.5712,-0.392
14_15_28,-0.648,-0.6736,-0.66131
14_29_14,-0.488,-0.36,-0.392
15_15_29,-0.4176,-0.4176,-0.2
14_30_14,-0.2,-0.2576,0
15_15_30,-0.79238,-0.7033,-0.66848
15_30_15,-0.5456,-0.392,-0.392
15_16_30,-0.488,-0.55072,-0.52
15_31_15,-0.52,-0.392,-0.392
16_16_31,-0.4176,-0.2,-0.2
15_32_15,-0.2,-0.232,-0.2
16_16_32,-0.67872,-0.52,-0.52
16_32_16,-0.392,-0.392,-0.4176
16_17_32,-0.5456,-0.392,-0.5136
16_33_16,-0.36,-0.392,-0.36
17_17_33,-0.392,-0.4176,-0.2
16_34_16,-0.2,-0.2576,0
17_17_34,-0.57632,-0.59168,-0.70146
17_34_17,-0.392,-0.2,-0.2
17_18_34,-0.57632,-0.648,-0.66438
17_35_17,-0.36,-0.2,-0.2
18_18_35,-0.36,-0.392,-0.4176
17_36_17,-0.2,0,0
18_18_36,-0.5712,-0.59168,-0.63648
18_36_18,-0.392,-0.2,-0.2
18_19_36,-0.648,-0.52,-0.52
18_37_18,-0.36,-0.2,-0.2
19_19_37,-0.392,-0.4176,-0.2
18_38_18,-0.2,-0.2,-0.232
19_19_38,-0.5753,-0.5456,-0.59168
19_38_19,-0.36,-0.392,-0.2
19_20_38,-0.648,-0.52,-0.54048
19_39_19,-0.36,-0.2,-0.232
20_20_39,-0.36,-0.392,-0.392
19_40_19,-0.392,-0.392,-0.42272
20_20_40,-0.5712,-0.392,-0.4176
20_40_20,-0.5712,-0.392,-0.4176
20_21_40,-0.52,-0.52,-0.52
20_41_20,-0.392,-0.52,-0.52
21_21_41,-0.392,-0.36,-0.232
20_42_20,-0.392,-0.392,-0.232
21_21_42,-0.392,-0.5456,-0.4176
21_42_21,-0.52,-0.5712,-0.392
21_22_42,-0.52,-0.52,-0.52
21_43_21,-0.36,-0.392,-0.392
22_22_43,-0.4176,-0.42272,-0.2
21_44_21,-0.36,-0.392,-0.4176
22_22_44,-0.5904,-0.5712,-0.52
22_44_22,-0.5456,-0.392,-0.392
22_23_44,-0.488,-0.5456,-0.392
22_45_22,-0.392,-0.488,-0.488
23_23_45,-0.392,-0.4176,-0.4729
22_46_22,-0.2,-0.232,-0.232
23_23_46,-0.71866,-0.5456,-0.5456
23_46_23,-0.392,-0.392,-0.232
23_24_46,-0.6736,-0.52,-0.5136
23_47_23,-0.36,-0.392,-0.2
24_24_47,-0.57632,-0.392,-0.4176
23_48_23,-0.39712,-0.232,-0.232
24_24_48,-0.5968,-0.5456,-0.59168
24_48_24,-0.392,-0.4432,-0.392
24_25_48,-0.66848,-0.648,-0.52
24_49_24,-0.52,-0.36,-0.392
25_25_49,-0.392,-0.392,-0.392
24_50_24,-0.392,-0.392,-0.2
25_25_50,-0.5456,-0.392,-0.59578
25_50_25,-0.392,-0.2,-0.232
25_26_50,-0.5456,-0.5456,-0.392
25_51_25,-0.52,-0.36,-0.392
26_26_51,-0.392,-0.392,-0.392
25_52_25,-0.392,-0.392,-0.2
26_26_52,-0.488,-0.392,-0.5456
26_52_26,-0.36,-0.2,-0.2
23_24_45,-0.2,0,0
22_47_22,-0.2,0,0
21_23_42,-0.2,0,0
21_22_41,-0.2,-0.2,0
20_43_20,-0.2,-0.2,0
19_20_39,-0.2,-0.2,-0.232
17_18_35,-0.57632,-0.392,-0.4176
16_17_33,-0.392,-0.392,-0.42272
15_14_29,-0.2,-0.232,0
14_14_29,-0.2,0,0
12_13_25,-0.392,-0.57939,-0.42272
10_11_21,-0.58451,-0.58124,-0.65988
8_9_15,-0.2,0,0
7_9_15,-0.2,0,0
7_8_12,-0.2,0,0
5_8_12,-0.2,0,0
6_7_11,-0.86026,-0.92314,-1.04977
7_6_21,-0.38941,-0.42606,0
7_13_14,-0.39152,-0.43197,-0.50647
10_12_32,-0.32416,0,0
12_13_34,-0.2,0,0
11_25_22,-0.2,0,0
16_35_33,-0.2832,-0.2,0
19_18_57,-0.35508,0,0
19_20_59,-0.3086,-0.2,0
22_15_60,-0.2,0,0
18_37_38,-0.2873,0,0
22_14_58,-0.2,0,0
22_15_57,-0.2,-0.2,0
18_37_35,-0.45958,-0.46594,-0.2873
20_14_52,-0.2,0,0
15_14_52,-0.2,0,0
20_9_47,-0.2,0,0
12_9_47,-0.2,0,0
20_8_45,-0.2,0,0
12_8_45,-0.2,0,0
20_6_45,-0.2,0,0
12_6_45,-0.2,0,0
12_0_37,-0.36,0,0
8_0_21,-0.2,0,0
6_0_21,-0.2,0,0
7_0_9,-0.2,0,0
0_0_9,-0.2,0,0
7_0_7,-0.2,1.04585,0
0_0_7,-0.2,-0.2,0
0_0_3,3.85298,-0.72378,-0.9774
1_3_6,4.21383,0,0
4_8_5,-0.6948,-0.41411,-0.54077
5_11_7,-0.2,0,0
5_6_12,-0.2,0,0
7_7_15,-0.36,-0.79069,-0.39712
4_7_15,-0.2,0,0
7_7_16,-0.2,-0.232,0
5_7_17,-0.37851,-0.67974,-0.41708
7_7_18,-0.42516,-0.41213,-0.41899
5_14_9,-0.2,0,0
5_14_10,-0.2,0,0
5_7_18,-0.31978,-0.33108,0
6_8_17,-0.2,0,0
7_14_11,-0.2,0,0
6_8_18,-0.2,0,0
6_8_19,-0.2,0,0
3_0_5,1.17606,0,0
4_11_9,-0.13564,-0.2,0
5_5_17,-0.21635,-0.2,-0.2441
6_10_12,-0.2,-0.2,-0.25592
7_6_20,-0.43863,-0.48881,0
11_20_21,-0.23712,-0.27065,0
10_10_31,-0.27157,-0.28925,-0.33574
12_22_23,-0.23712,-0.28096,0
10_12_33,-0.27513,0,0
13_15_41,-0.31679,-0.36598,0
18_32_35,-0.2,0,0
15_17_50,-0.2,0,0
18_33_35,-0.2,0,0
16_17_51,-0.2,-0.2,0
18_34_35,-0.24122,-0.28939,-0.2
17_17_52,-0.26764,-0.31365,0
18_37_37,-0.232,0,0
19_41_39,-0.26272,0,0
20_21_59,-0.29856,-0.2,-0.30368
21_43_43,-0.2,0,0
21_22_65,-0.2873,-0.2,0
22_48_45,-0.2,0,0
32_63_63,-0.2,-0.232,0
31_33_95,-0.2,0,0
35_36_107,-0.24122,0,0
38_74_74,-0.2,0,0
37_37_112,-0.2,0,0
38_74_75,-0.2,0,0
38_75_75,-0.2,-0.2,0
42_83_83,-0.232,-0.2,0
42_43_127,-0.2,-0.2,0
44_89_88,-0.2,0,0
44_90_88,-0.2,0,0
45_90_89,-0.2,0,0
45_89_90,-0.2,0,0
45_90_90,-0.2,0,0
45_91_90,-0.2,0,0
45_92_90,-0.2,0,0
46_92_91,-0.2,0,0
46_92_92,-0.2,0,0
46_93_92,-0.2,-0.2,0
47_46_139,-0.2,0,0
46_94_92,-0.2,0,0
47_94_93,-0.2,0,0
47_94_94,-0.2,0,0
47_95_94,-0.2,0,0
47_96_94,-0.2,0,0
48_96_95,-0.2,0,0
48_96_96,-0.2,0,0
48_97_96,-0.2,0,0
48_98_96,-0.2,0,0
49_98_97,-0.2,0,0
49_98_98,-0.2,0,0
49_99_98,-0.2,0,0
49_100_98,-0.2,0,0
50_100_99,-0.2,0,0
49_50_149,-0.2,0,0
50_99_100,-0.2,0,0
50_100_100,-0.2,0,0
50_101_100,-0.2,0,0
50_102_100,-0.2,0,0
51_102_101,-0.2,0,0
51_102_102,-0.2,0,0
51_103_102,-0.2,0,0
51_104_102,-0.2,0,0
52_104_103,-0.2,0,0
52_104_104,-0.2,0,0
52_105_104,-0.2,0,0
52_106_104,-0.2,0,0
53_106_105,-0.2,0,0
53_106_106,-0.2,0,0
53_107_106,-0.2,-0.2,0
53_108_106,-0.2,0,0
54_108_107,-0.2,0,0
54_108_108,-0.2,0,0
54_109_108,-0.2,0,0
54_110_108,-0.2,0,0
55_110_109,-0.2,-0.2,0
55_109_109,-0.2,0,0
55_110_110,-0.2,0,0
55_111_110,-0.2,-0.2,0
55_112_110,-0.2,-0.2,0
55_56_164,-0.2,0,0
55_111_109,-0.2,0,0
56_112_111,-0.2,0,0
56_112_112,-0.2,0,0
56_113_112,-0.2,0,0
56_114_112,-0.2,0,0
57_114_113,-0.2,0,0
57_114_114,-0.2,0,0
57_115_114,-0.2,0,0
57_116_114,-0.2,0,0
58_116_115,-0.2,0,0
57_116_115,-0.2,0,0
58_116_116,-0.2,0,0
58_117_116,-0.2,0,0
58_118_116,-0.2,0,0
59_118_117,-0.2,0,0
59_118_118,-0.2,0,0
59_119_118,-0.2,0,0
60_60_178,-0.2,0,0
59_120_118,-0.2,0,0
60_59_179,-0.2,0,0
60_119_119,-0.2,0,0
60_60_179,-0.2,0,0
60_120_119,-0.2,0,0
60_60_180,-0.2,0,0
60_120_120,-0.2,0,0
60_61_180,-0.2,0,0
60_121_120,-0.2,-0.2,0
61_60_180,-0.2,0,0
60_121_119,-0.2,0,0
61_60_181,-0.2,0,0
61_61_181,-0.2,0,0
60_122_120,-0.2,0,0
61_61_182,-0.2,0,0
61_122_121,-0.2,0,0
61_61_183,-0.2,0,0
61_122_122,-0.2,0,0
61_62_183,-0.2,0,0
61_123_122,-0.2,0,0
62_62_184,-0.2,0,0
61_124_122,-0.2,0,0
62_61_185,-0.2,0,0
62_123_123,-0.2,0,0
62_62_185,-0.2,0,0
62_124_123,-0.2,0,0
62_62_186,-0.2,0,0
62_124_124,-0.2,0,0
62_63_186,-0.2,0,0
62_125_124,-0.2,0,0
63_63_187,-0.2,0,0
62_126_124,-0.2,0,0
62_62_187,-0.2,0,0
63_124_125,-0.2,0,0
62_63_187,-0.2,0,0
63_125_125,-0.2,0,0
63_63_188,-0.2,0,0
63_126_125,-0.2,0,0
63_63_189,-0.2,0,0
63_126_126,-0.2,0,0
63_64_189,-0.2,0,0
63_127_126,-0.2,0,0
64_64_190,-0.2,-0.2,0
63_128_126,-0.2,-0.2,0
64_64_191,-0.2,-0.2,0
64_128_127,-0.2,-0.2,0
64_64_192,-0.2,0,0
64_128_128,-0.2,0,0
64_65_192,-0.2,0,0
64_129_128,-0.2,-0.2,0
65_64_193,-0.2,0,0
65_65_193,-0.2,0,0
64_65_193,-0.2,0,0
65_65_194,-0.36,0,0
65_65_195,-0.36,0,0
65_66_193,-0.2,0,0
64_66_193,-0.2,0,0
65_66_194,-0.36,0,0
65_66_195,-0.36,0,0
66_66_195,-0.2,0,0
64_66_195,-0.2,0,0
66_66_196,-0.2,0,0
65_66_196,-0.2,0,0
66_66_197,-0.36,-0.36,0
66_66_198,-0.36,-0.36,0
66_67_198,-0.36,0,0
67_67_199,-0.2,0,0
66_67_199,-0.2,0,0
67_67_200,-0.36,0,0
67_67_201,-0.36,0,0
67_68_201,-0.36,-0.2,0
68_68_201,-0.2,0,0
68_68_202,-0.2,0,0
67_68_202,-0.2,0,0
68_68_203,-0.36,0,0
68_68_204,-0.36,0,0
67_69_203,-0.2,0,0
68_69_203,-0.2,0,0
68_69_204,-0.36,0,0
69_69_205,-0.2,-0.36,0
68_69_205,-0.2,0,0
69_69_206,-0.36,-0.2,0
69_69_207,-0.36,-0.36,0
69_70_207,-0.36,-0.36,0
68_69_206,-0.2,0,0
70_70_208,-0.2,0,0
69_70_208,-0.2,0,0
70_69_209,-0.36,0,0
70_70_209,-0.36,0,0
70_70_210,-0.36,0,0
70_71_210,-0.36,0,0
71_71_211,-0.2,0,0
70_71_211,-0.2,0,0
71_71_212,-0.36,0,0
71_71_213,-0.36,0,0
71_72_213,-0.36,0,0
72_72_214,-0.2,0,0
71_72_214,-0.2,0,0
72_72_215,-0.36,0,0
72_72_216,-0.36,0,0
72_73_216,-0.36,-0.36,0
73_73_217,-0.2,0,0
72_73_217,-0.2,0,0
73_73_218,-0.36,-0.2,0
72_73_218,-0.2,0,0
73_73_219,-0.36,0,0
73_74_219,-0.36,0,0
74_74_220,-0.2,0,0
73_74_220,-0.2,0,0
74_74_221,-0.36,0,0
74_74_222,-0.36,0,0
74_75_222,-0.36,-0.2,0
75_75_223,-0.2,-0.2,0
74_75_223,-0.2,-0.2,0
75_75_222,-0.2,0,0
75_75_224,-0.36,0,0
75_75_225,-0.36,0,0
75_76_225,-0.36,0,0
76_76_226,-0.2,-0.2,0
75_76_226,-0.2,-0.2,0
76_76_227,-0.36,-0.36,-0.2
75_75_226,-0.2,0,0
76_75_226,-0.2,0,0
76_75_227,-0.2,0,0
75_75_227,-0.2,0,0
75_76_227,-0.2,0,0
76_152_152,-0.2,0,0
76_76_228,-0.2,0,0
76_153_152,-0.2,-0.2,0
76_77_228,-0.2,-0.2,0
77_153_153,-0.2,0,0
76_77_229,-0.2,-0.2,0
77_154_153,-0.2,0,0
77_77_230,-0.2,-0.36,0
77_154_154,-0.2,0,0
77_77_231,-0.2,-0.36,0
77_77_229,-0.2,0,0
77_78_231,-0.36,0,0
78_78_232,-0.2,0,0
77_78_232,-0.2,0,0
78_78_233,-0.36,0,0
78_77_232,-0.2,0,0
77_77_232,-0.2,0,0
67_62_191,-0.2,0,0
62_62_191,-0.2,0,0
65_59_178,-0.2,0,0
56_59_178,-0.2,0,0
56_48_138,-0.2,0,0
43_48_138,-0.2,0,0
53_40_122,-0.2,0,0
36_40_122,-0.2,0,0
45_28_88,-0.2,0,0
24_28_88,-0.2,0,0
25_13_32,-0.2,0,0
7_13_32,-0.2,0,0
6_0_6,-0.392,-0.392,0.60735
0_0_6,-0.392,-0.392,0.46359
4_0_4,13.2984,0,0
0_0_4,12.63094,0,0
2_4_9,-0.1877,0,0
5_4_8,6.73227,0,0
2_9_3,2.79107,0,0
3_12_3,-0.2,-0.59967,0
3_10_6,-0.2,0,0
3_13_3,-0.2,-0.2576,0
3_11_6,-0.2,0,0
3_14_3,-0.2,-0.2,0
3_12_6,-0.2,-0.2,-0.36
3_15_3,-0.36,-0.2,-0.2
3_13_6,-0.2,0,0
3_16_3,-0.2,0,0
3_14_6,-0.2,0,0
3_17_3,-0.2,0,0
3_15_6,-0.2,0,0
3_18_3,-0.2,0,0
3_16_6,-0.2,0,0
3_19_3,-0.2,0,0
3_17_6,-0.2,0,0
3_20_3,-0.2,0,0
3_18_6,-0.2,-0.2,0
3_21_3,-0.2,-0.2,0
3_22_3,-0.2,0,0
3_23_3,-0.2,0,0
3_24_3,-0.2,0,0
3_25_3,-0.2,0,0
4_22_7,-0.2,0,0
3_26_3,-0.2,0,0
4_23_7,-0.2,-0.2,-0.2
3_27_3,-0.2,-0.2,0
3_23_7,-0.2,0,0
4_27_4,-0.2,0,0
3_24_7,-0.2,0,0
4_28_4,-0.2,0,0
3_25_7,-0.2,0,0
4_29_4,-0.2,0,0
3_26_7,-0.2,0,0
4_30_4,-0.2,0,0
3_27_7,-0.2,0,0
4_31_4,-0.2,-0.2,0
3_28_7,-0.2,-0.2,0
4_29_7,-0.2,-0.2,0
3_29_7,-0.2,-0.2,0
4_30_7,-0.2,0,0
3_30_7,-0.2,0,0
4_31_7,-0.2,0,0
3_31_7,-0.2,0,0
4_32_7,-0.2,-0.2,-0.2
3_32_7,-0.2,-0.2,-0.2
4_33_7,-0.2,0,0
3_33_7,-0.2,0,0
4_34_7,-0.2,0,0
3_34_7,-0.2,0,0
4_35_7,-0.2,0,0
3_35_7,-0.2,0,0
4_36_7,-0.2,0,0
3_36_7,-0.2,0,0
4_37_7,-0.2,0,0
3_37_7,-0.2,0,0
4_38_7,-0.2,-0.2,0
3_38_7,-0.2,0,0
3_42_3,-0.2,0,0
4_39_7,-0.2,0,0
3_43_3,-0.2,0,0
4_40_7,-0.2,0,0
3_44_3,-0.2,0,0
4_41_7,-0.2,0,0
3_45_3,-0.2,0,0
4_42_7,-0.2,0,0
3_46_3,-0.2,0,0
4_43_7,-0.2,0,0
3_47_3,-0.2,-0.2,0
4_44_7,-0.2,0,0
3_48_3,-0.2,0,0
4_45_7,-0.2,0,0
3_49_3,-0.2,0,0
4_46_7,-0.2,0,0
3_50_3,-0.2,0,0
4_47_7,-0.2,-0.2,0
3_51_3,-0.392,-0.5456,-0.36
4_48_7,-0.2,-0.2,-0.2
3_52_3,-0.36,-0.2,-0.2
3_48_7,-0.2,-0.2,0
4_51_4,-0.2,0,0
4_52_4,-0.2,0,0
3_49_7,-0.2,0,0
3_49_6,-0.2,-0.2,0
3_48_6,-0.36,-0.2,-0.232
4_50_4,-0.2,-0.2,0
3_47_7,-0.2,-0.2,0
4_47_6,-0.392,-0.392,-0.488
2_47_6,-0.488,-0.57632,-0.5136
2_47_7,-0.2,0,0
2_51_2,-0.232,-0.26272,0
4_49_4,-0.2576,-0.36,-0.2
4_46_6,-0.2,0,0
2_50_2,-0.2,0,0
3_46_4,-0.2,-0.2,-0.2
1_49_1,-0.2,-0.2,0
1_46_4,-0.2,-0.2,0
2_46_3,-0.2,-0.2,0
1_46_3,-0.2,-0.2,0
2_46_2,-0.2,0,0
0_46_2,-0.2,0,0
0_46_0,-1.54862,-1.69987,-1.7091
0_45_0,-2.18744,-2.95717,-2.91651
0_44_0,-2.35373,-2.48708,-2.18865
0_43_0,-1.47203,-1.57895,-1.35594
1_43_1,-0.27808,0,0
0_43_1,-0.27808,0,0
0_42_0,-2.5,-2.36099,-2.52948
1_42_1,-0.44877,-0.41681,0
0_42_1,-0.41681,0,0
0_41_0,-1.52279,-1.60716,-1.49959
0_40_0,-2.73996,-2.70596,-2.14687
1_40_1,-1.00067,-0.62753,-0.75327
0_40_1,-0.42796,-0.44534,-0.75531
0_39_0,-1.85022,-1.93876,-1.89024
1_39_1,-0.31105,-0.33927,0
0_39_1,-0.31105,0,0
0_38_0,-1.82786,-1.8506,-1.71791
1_38_1,-0.2,-0.2,0
0_37_1,-0.392,-0.392,-0.36
1_37_1,-0.84392,-0.57632,-0.63648
0_36_1,-1.00815,-0.9206,-1.08446
1_36_1,-1.74438,-1.73706,-1.73343
0_36_0,-2.90724,-3.0151,-2.496
1_35_1,-0.2,0,0
0_35_1,-0.2,0,0
0_35_0,-1.94897,-2.33727,-2.26138
0_34_0,-1.92381,-2.08675,-2.06577
0_33_0,-0.8571,-0.76734,-0.74835
0_32_0,-2.35853,-2.29768,-2.23688
1_32_1,-0.392,-0.57604,-0.30184
0_32_1,-0.2,-0.41604,0
1_33_1,-0.82235,-0.92314,-0.83462
1_32_2,-0.27808,0,0
0_31_0,-1.3561,-1.57001,-1.46408
1_31_1,-0.57632,-0.59168,-0.5712
0_31_1,-0.57632,-0.59168,-0.5712
0_30_0,-1.11582,-1.16775,-1.05866
0_29_0,-2.13301,-2.76973,-2.40924
1_28_1,-0.7222,-1.13804,-1.30129
0_28_1,-0.66716,-1.21281,-1.14961
3_3_10,-0.29475,-0.2,-0.35881
4_9_9,8.40847,0,0
4_6_7,-0.2,0,0
2_4_7,-0.53125,0,0
5_6_11,-1.00452,-0.81841,-0.77549
7_13_7,-1.60056,-1.58928,-1.55428
7_8_15,-0.61728,-0.4176,-0.4176
13_14_27,-0.60499,-0.63284,-0.42272
14_15_29,-0.392,-0.46368,-0.51304
15_16_31,-0.4176,-0.4688,-0.42272
18_19_37,-0.392,-0.42272,-0.232
20_21_41,-0.392,-0.2,-0.232
21_22_43,-0.4176,-0.232,-0.232
22_23_45,-0.392,-0.2,-0.232
23_24_47,-0.2,-0.2,-0.232
25_23_49,-0.2,-0.2,0
24_23_49,-0.2,0,0
24_22_48,-0.36,0,0
23_22_47,-0.2,0,0
24_22_47,-0.2,0,0
23_21_47,-0.2,-0.2,0
24_21_47,-0.2,0,0
24_44_24,-0.2,0,0
22_20_46,-0.2,0,0
24_42_24,-0.2,0,0
20_19_44,-0.2,0,0
24_39_24,-0.2,0,0
20_17_44,-0.2,-0.2,-0.2
24_37_24,-0.2,-0.2,0
24_17_44,-0.2,-0.2,0
20_16_43,-0.2,-0.2,-0.2
23_16_43,-0.2,-0.2,-0.2
20_15_43,-0.2,0,0
23_15_43,-0.2,0,0
20_13_42,-0.2,0,0
22_13_42,-0.2,0,0
20_13_41,-0.2,-0.2,-0.2
21_13_41,-0.2,-0.2,-0.2
21_33_21,-0.2,0,0
20_34_20,-0.2,0,0
18_13_38,-0.2,0,0
20_13_38,-0.2,0,0
17_13_36,-0.2,-0.2,-0.2
19_13_36,-0.2,-0.2,-0.2
19_30_19,-0.2,0,0
17_32_17,-0.2,0,0
15_13_33,-0.2,-0.2,0
18_13_33,-0.2,0,0
18_28_18,-0.2,0,0
14_13_32,-0.2,0,0
18_27_18,-0.2,0,0
14_13_30,-0.2,0,0
16_27_16,-0.2,0,0
14_12_30,-0.2,0,0
16_26_16,-0.2,0,0
14_11_30,-0.392,-0.36,-0.2
16_25_16,-0.36,-0.2,-0.2
16_11_30,-0.2,-0.2,-0.2
14_27_14,-0.57632,-0.44832,-0.392
14_10_30,-0.2,-0.2,-0.2
16_24_16,-0.2,-0.2,0
16_10_30,-0.2,-0.2,0
14_26_14,-0.2,0,0
16_10_29,-0.2,-0.2,0
13_25_13,-0.4176,-0.392,-0.46368
15_10_28,-0.2,0,0
13_24_14,-0.2,0,0
14_10_28,-0.2,0,0
13_22_13,-0.2,0,0
12_10_25,-0.2,0,0
11_21_11,-0.70473,-0.52512,-0.57632
11_10_22,-0.36,-0.2,-0.2
11_19_11,-0.2,0,0
10_9_21,-0.2,0,0
11_18_11,-0.2,-0.2,0
10_8_21,-0.2,0,0
10_19_10,-0.60581,-0.60581,-0.63366
11_8_19,-0.2,-0.2,0
8_19_8,-0.2,-0.2438,-0.23712
11_7_18,-0.2,0,0
11_7_17,-0.2,-0.2,-0.2
6_18_6,-0.2,-0.08156,0
10_7_16,-0.2,0,0
8_7_14,-0.2576,-0.2,0
6_15_6,-0.2,-0.2,-0.2
4_6_8,-0.26272,-0.2,0
2_1_7,-0.22493,-0.09602,-0.5238
5_4_15,-0.28285,-0.3402,0
6_10_10,-0.392,-0.392,-0.39156
6_9_10,-0.2,0,0
6_11_10,-0.232,0,0
6_5_17,-0.53923,-0.26759,-0.32007
6_5_18,-0.28598,0,0
8_7_21,-0.36,-0.2,-0.2
8_6_21,-0.2,0,0
8_7_22,-0.42272,-0.7413,-0.3856
8_15_14,-0.36,-0.59292,-0.2
8_14_14,-0.2,-0.26002,0
8_6_23,-0.2,0,0
8_14_15,-0.32088,-0.3287,0
8_16_14,-0.2,-0.38115,-0.2
9_17_16,-0.2,-0.30398,0
10_19_18,-0.33712,-0.28555,0
10_20_18,-0.2,-0.37021,0
11_21_20,-0.2576,-0.32063,0
11_23_21,-0.50813,-0.34314,-0.2
12_24_22,-0.33384,-0.2,0
12_26_23,-0.29221,0,0
14_14_39,-0.36,-0.29549,-0.2
13_28_25,-0.2,-0.26682,-0.2
14_29_27,-0.32629,-0.2,0
15_30_28,-0.2,-0.33284,0
16_16_45,-0.30204,0,0
16_17_47,-0.5481,0,0
17_34_32,-0.2,-0.55416,0
17_35_33,-0.2,-0.29922,-0.38553
17_18_50,-0.36,-0.66478,-0.43985
18_35_34,-0.24122,-0.28925,-0.2
19_38_36,-0.30511,0,0
20_40_38,-0.2832,-0.32989,0
20_41_39,-0.2,-0.27808,0
21_42_40,-0.29139,0,0
22_22_63,-0.2873,0,0
21_44_41,-0.232,0,0
22_23_65,-0.27808,-0.28218,0
22_45_43,-0.232,0,0
23_23_66,-0.2,0,0
22_46_43,-0.2,0,0
23_19_49,-0.2,0,0
22_42_26,-0.2,0,0
23_0_48,-0.2,-0.2,0
21_23_25,-0.2,-0.2,0
22_0_42,-0.392,-0.392,-0.36
20_22_20,-0.392,-0.36,-0.2
20_0_42,-0.2,0,0
17_0_35,-0.2,0,0
18_0_35,-0.2,0,0
0_0_13,5.94565,0,0
13_0_13,5.94565,0,0
6_14_13,-0.16357,0,0
10_9_29,-0.3805,0,0
16_15_46,-0.32249,0,0
16_17_50,-0.31908,-0.37301,-0.2
17_33_34,-0.32118,-0.36788,0
18_17_53,-0.33743,0,0
18_38_35,-0.27091,0,0
14_14_44,-0.2,0,0
15_28_30,-0.2,0,0
10_9_31,-0.2,-0.2,0
11_19_21,-0.2,0,0
11_21_22,-0.3278,-0.35545,0
13_12_38,-0.37747,-0.3995,0
19_42_39,-0.23712,0,0
15_33_35,-0.2,0,0
13_17_43,-0.2,0,0
14_30_30,-0.2,0,0
13_16_40,-0.2,0,0
14_16_41,-0.2,0,0
14_30_27,-0.2,0,0
11_13_26,-0.2,0,0
7_24_15,-0.2,0,0
8_11_20,-0.2,0,0
5_19_12,-0.2,0,0
6_10_17,-0.2,0,0
5_10_16,-0.24653,0,0
5_15_11,-0.2,0,0
2_14_5,-0.2,0,0
1_7_4,-0.3547,0.58669,0
0_8_3,-0.3547,0,0
17_33_17,-0.2,-0.2,-0.232
21_41_21,-0.4176,-0.232,-0.2
23_45_23,-0.2,0,0
26_27_52,-0.392,-0.392,-0.36
26_53_26,-0.392,-0.2,-0.2
27_27_53,-0.392,-0.4176,-0.232
26_54_26,-0.4176,-0.2,-0.232
27_27_54,-0.488,-0.36,-0.392
27_54_27,-0.488,-0.36,-0.392
27_28_54,-0.36,-0.2,-0.2
27_55_27,-0.36,-0.2,-0.2
28_28_55,-0.2,-0.2,-0.232
27_56_27,-0.2,-0.2,-0.232
28_28_56,-0.392,-0.392,-0.2
28_56_28,-0.392,-0.392,-0.2
28_29_56,-0.36,-0.2,-0.2
28_57_28,-0.36,-0.2,-0.2
29_29_57,-0.2,-0.2,-0.232
28_58_28,-0.2,-0.2,-0.232
29_29_58,-0.36,-0.2,-0.2
29_58_29,-0.36,-0.2,-0.2
29_30_58,-0.2,-0.36,-0.2
29_59_29,-0.2,-0.36,-0.2
30_30_59,-0.2,-0.2,-0.2
29_60_29,-0.2,-0.2,-0.2
30_30_60,-0.2,-0.36,-0.232
30_60_30,-0.2,-0.36,-0.2
30_31_60,-0.392,-0.36,-0.2
30_61_30,-0.2,-0.2,-0.2
31_31_61,-0.392,-0.2,-0.2
30_62_30,-0.2,-0.2,0
31_31_62,-0.392,-0.36,-0.2
31_62_31,-0.2,-0.2,-0.2
31_32_62,-0.392,-0.36,-0.36
31_63_31,-0.2,-0.2,0
32_32_63,-0.36,-0.2,-0.2
31_64_31,-0.2,-0.2,0
32_32_64,-0.4176,-0.36,-0.232
32_64_32,-0.36,-0.2,-0.2
32_33_64,-0.52,-0.36,-0.36
32_65_32,-0.2,-0.2,-0.2
33_33_65,-0.392,-0.2,-0.2
32_66_32,-0.2,-0.2,0
33_33_66,-0.392,-0.36,-0.2
33_66_33,-0.2,-0.2,-0.2
33_34_66,-0.392,-0.36,-0.36
33_67_33,-0.2,-0.2,0
34_34_67,-0.392,-0.2,-0.2
33_68_33,-0.2,-0.232,0
34_34_68,-0.392,-0.36,-0.2
34_68_34,-0.36,-0.2,-0.2
34_35_68,-0.392,-0.36,-0.2
34_69_34,-0.2,-0.2,-0.2
35_35_69,-0.36,-0.2,-0.2
34_70_34,-0.2,-0.2,0
35_35_70,-0.2,-0.36,-0.2
35_70_35,-0.2,-0.2,0
35_36_70,-0.2,-0.36,-0.36
35_71_35,-0.2,0,0
36_36_71,-0.2,-0.2,-0.2
35_72_35,-0.2,0,0
36_36_72,-0.2,-0.36,-0.2
36_72_36,-0.2,-0.2,0
36_37_72,-0.2,-0.36,-0.36
36_73_36,-0.2,0,0
37_37_73,-0.2,-0.2,-0.2
36_74_36,-0.2,0,0
37_37_74,-0.2,-0.36,-0.2
37_74_37,-0.2,-0.2,0
37_38_74,-0.2,-0.36,-0.36
37_75_37,-0.2,0,0
38_38_75,-0.2,-0.2,-0.2
37_76_37,-0.2,0,0
38_38_76,-0.2,-0.36,-0.2
38_76_38,-0.2,-0.2,0
38_39_76,-0.2,-0.36,-0.3856
38_77_38,-0.2,0,0
39_39_77,-0.36,-0.2,-0.2
38_78_38,-0.2,0,0
39_39_78,-0.2,-0.2,-0.36
39_78_39,-0.2,-0.2,0
39_40_78,-0.2,-0.36,-0.36
39_79_39,-0.2,0,0
40_40_79,-0.2,-0.2,-0.2
39_80_39,-0.2,0,0
40_40_80,-0.36,-0.36,-0.36
40_80_40,-0.2,-0.2,0
40_41_80,-0.2,-0.36,-0.36
40_81_40,-0.2,0,0
41_41_81,-0.2,-0.2,-0.2
40_82_40,-0.2,-0.2,0
41_41_82,-0.2,-0.36,-0.2
41_82_41,-0.2,-0.2,0
41_42_82,-0.2,-0.36,-0.36
41_83_41,-0.2,-0.2,0
42_42_83,-0.2,-0.2,-0.2
41_84_41,-0.2,0,0
42_41_83,-0.2,0,0
42_40_82,-0.2,0,0
41_78_41,-0.2,0,0
39_39_80,-0.2,0,0
41_77_41,-0.2,0,0
39_38_80,-0.2,0,0
40_75_40,-0.2,0,0
38_37_78,-0.2,0,0
39_75_39,-0.2,0,0
38_37_77,-0.2,0,0
39_73_39,-0.2,0,0
38_35_77,-0.2,0,0
39_72_39,-0.2,0,0
37_35_76,-0.2,0,0
39_71_39,-0.2,-0.2,0
37_34_76,-0.2,0,0
37_73_37,-0.2,0,0
38_33_75,-0.2,0,0
37_71_37,-0.2,0,0
38_33_74,-0.2,0,0
36_71_36,-0.2,0,0
37_33_73,-0.2,0,0
36_70_36,-0.2,0,0
37_32_73,-0.2,0,0
36_69_36,-0.2,0,0
37_32_72,-0.2,0,0
35_69_35,-0.2,-0.2,0
36_32_71,-0.2,0,0
35_68_35,-0.2,0,0
36_31_71,-0.2,0,0
35_67_35,-0.2,0,0
36_31_70,-0.2,0,0
34_67_34,-0.2,0,0
36_32_70,-0.2,0,0
35_66_35,-0.2,0,0
34_32_69,-0.2,0,0
35_65_35,-0.2,-0.2,0
34_31_69,-0.2,0,0
35_65_36,-0.2,0,0
34_31_70,-0.2,0,0
35_63_35,-0.2,0,0
33_30_68,-0.2,0,0
34_62_34,-0.2,-0.2,0
32_30_66,-0.2,0,0
34_61_34,-0.2,0,0
32_29_66,-0.2,0,0
33_60_33,-0.2,0,0
31_29_64,-0.2,0,0
32_60_32,-0.2,0,0
31_29_63,-0.2,0,0
32_59_32,-0.2,0,0
31_28_63,-0.2,0,0
32_58_32,-0.2,0,0
30_28_62,-0.2,0,0
31_57_31,-0.2,-0.2,0
30_27_61,-0.2,0,0
30_58_30,-0.2,0,0
30_25_60,-0.2,0,0
30_55_30,-0.2,0,0
29_25_58,-0.2,0,0
29_54_29,-0.2,0,0
27_25_56,-0.2,0,0
29_52_29,-0.2,0,0
27_25_55,-0.2,0,0
28_52_28,-0.2,0,0
27_25_54,-0.2,0,0
27_52_27,-0.2,-0.2,0
27_24_52,-0.2,0,0
26_23_51,-0.2,0,0
25_49_25,-0.2,-0.2,0
25_22_49,-0.2,0,0
24_47_24,-0.2,0,0
25_22_48,-0.2,0,0
25_21_48,-0.2,0,0
24_21_46,-0.2,0,0
24_20_46,-0.2,0,0
24_19_45,-0.2,0,0
24_18_45,-0.2,0,0
24_18_44,-0.2,0,0
23_19_43,-0.2,0,0
23_18_43,-0.2,-0.2,0
22_18_41,-0.2,0,0
22_17_40,-0.2,0,0
18_39_18,-0.2,0,0
21_17_39,-0.2,0,0
21_17_38,-0.2,0,0
17_38_17,-0.2,0,0
21_16_38,-0.2,0,0
17_37_17,-0.2,0,0
20_15_37,-0.2,0,0
20_15_36,-0.2,-0.2,-0.2
16_35_16,-0.36,-0.2,-0.2
20_14_35,-0.2,0,0
15_34_15,-0.2,0,0
20_14_36,-0.2,0,0
15_34_16,-0.2,0,0
19_13_33,-0.2,-0.2,-0.2
14_32_14,-0.2,-0.2,-0.2
18_12_31,-0.2,-0.2,-0.2
13_30_13,-0.2,-0.2,-0.2
17_12_30,-0.2,0,0
13_29_13,-0.2,0,0
17_11_29,-0.2,-0.2,0
12_28_12,-0.2,-0.2,0
17_12_29,-0.2,-0.2,0
12_29_12,-0.2,-0.2,0
17_11_28,-0.2,0,0
11_11_28,-0.2,0,0
16_11_27,-0.2,0,0
11_11_27,-0.2,0,0
15_10_26,-0.2,0,0
11_10_26,-0.2,0,0
14_10_23,-0.2,-0.2,-0.2
9_10_23,-0.2,-0.2,-0.2
14_10_21,-0.2,0,0
7_10_21,-0.17233,0,0
13_8_20,-0.2,-0.2,0
7_21_7,-0.2,0,0
12_7_18,-0.2,-0.2,0
6_19_6,-0.392,-0.36,-0.2
12_7_17,-0.2,0,0
11_6_16,-0.2,-0.2,0
10_6_14,-0.2,-0.2,0
10_5_14,-0.2,0,0
4_15_4,-0.2,-0.2,0
10_5_13,-0.2,-0.2,0
9_5_13,-0.2,0,0
4_14_4,-0.36,-0.2,-0.2
8_5_12,-0.2,0,0
4_13_4,-0.57632,-0.42272,-0.5136
8_3_11,-0.2,-0.2,0
3_11_3,-0.2,-0.2,0
7_1_9,-0.2,-0.2,0
2_8_2,-0.40687,-1.25746,-1.07694
6_1_8,-0.2,-0.2,-0.2
2_1_8,-0.2,0,0
6_0_7,-0.57632,-0.5136,-0.392
1_0_7,-0.2,-0.2,0
5_0_6,-0.2,-0.2,0
1_0_6,-0.2,0,0
5_0_5,8.3212,0,0
0_0_5,15.28191,0,0
2_2_8,-0.26272,0,0
5_8_10,-0.26922,-0.27474,0
4_4_14,2.83336,0,0
7_7_22,-0.33961,0,0
9_16_17,-0.2,-0.30809,0
8_8_25,-0.2,-0.33489,0
9_8_27,-0.39864,0,0
10_9_30,-0.68378,0,0
21_45_43,-0.2576,0,0
23_45_44,-0.232,0,0
24_48_46,-0.2,-0.2576,0
24_49_47,-0.232,0,0
24_25_71,-0.2832,0,0
25_49_48,-0.232,0,0
25_51_48,-0.2,0,0
25_26_73,-0.36,-0.2,-0.2
24_51_48,-0.2,-0.2,-0.2
24_51_47,-0.2,0,0
25_26_72,-0.232,0,0
25_51_49,-0.232,-0.50874,0
25_26_74,-0.27808,0,0
26_53_51,-0.232,0,0
26_27_77,-0.2576,0,0
27_53_52,-0.232,-0.2576,-0.232
26_54_53,-0.2576,0,0
26_55_52,-0.2,0,0
27_28_79,-0.2,0,0
23_57_46,-0.2,0,0
28_29_74,-0.2,0,0
20_37_34,-0.2,0,0
17_20_51,-0.2,0,0
11_17_21,-0.2,0,0
0_17_21,-0.2,0,0
2_17_7,-0.2,0,0
0_17_7,-0.2,-0.2,-0.74171
0_15_5,15.41619,0,0
3_7_4,-0.29221,-0.43174,-0.39452
7_7_12,-0.5136,-0.60581,-0.53818
5_14_5,-0.57632,-0.64288,-0.60581
7_7_11,-0.2,0,0
6_14_7,-0.2,-0.2,0
7_14_8,-0.2,0,0
8_15_8,-0.5456,-0.7348,-0.42272
8_14_8,-0.45221,-0.2,-0.2
6_8_14,-0.232,0,0
8_7_13,-0.2,-0.2,0
5_7_13,-0.2,0,0
5_15_5,-0.2,-0.2,0
8_6_13,-0.2,-0.2,0
8_6_14,-0.2,-0.2,0
8_6_15,-0.392,-0.36,-0.2
7_6_15,-0.36,-0.2,-0.232
8_7_15,-0.68026,-0.392,-0.392
3_7_9,-0.392,-0.5456,-0.488
6_10_6,-0.66106,-0.5904,-0.57632
0_6_5,-0.2,-0.2,-0.83845
5_1_5,-0.2,-0.2,-0.00542
6_8_10,-0.12786,0,0
5_7_12,-0.42272,-0.392,-0.52248
9_16_9,-0.2,0,0
8_8_17,-0.2,-0.37746,0
9_17_9,-0.392,-0.50534,-0.2832
9_8_17,-0.3856,-0.392,-0.36
15_29_15,-0.2,-0.232,-0.26272
14_31_14,-0.2,-0.232,0
15_16_29,-0.232,-0.27808,0
16_31_16,-0.4176,-0.39712,-0.232
16_15_32,-0.2576,0,0
18_35_18,-0.2,-0.232,0
19_37_19,-0.2,-0.232,0
20_39_20,-0.232,-0.26272,0
22_43_22,-0.232,-0.2576,0
29_30_59,-0.2,0,0
30_31_61,-0.2,-0.2,0
31_32_63,-0.2,-0.2,0
32_33_65,-0.2,-0.2,0
33_34_67,-0.2,-0.2,0
34_35_69,-0.2,-0.2,0
35_36_71,-0.2,-0.2,0
36_37_73,-0.2,-0.2,0
37_38_75,-0.2,-0.2,0
38_39_77,-0.2,-0.2,-0.2
39_40_79,-0.2,-0.2,0
40_41_81,-0.2,-0.2,0
41_42_83,-0.2,-0.2,0
42_42_84,-0.36,-0.2,0
42_43_84,-0.36,-0.2,0
43_43_85,-0.2,0,0
42_43_85,-0.2,-0.2,0
43_43_86,-0.36,-0.2,0
43_44_86,-0.36,-0.2,0
44_44_87,-0.2,0,0
43_44_87,-0.2,-0.2,0
44_44_88,-0.36,-0.2,0
44_45_88,-0.36,-0.2,0
45_45_89,-0.2,0,0
44_45_89,-0.2,-0.2,0
45_45_90,-0.36,-0.2,0
45_46_90,-0.36,-0.2,0
46_46_91,-0.2,0,0
45_46_91,-0.2,-0.2,0
46_46_92,-0.36,-0.2,0
46_47_92,-0.36,-0.2,0
47_47_93,-0.2,0,0
46_47_93,-0.2,-0.2,0
47_47_94,-0.36,-0.2,0
47_48_94,-0.36,-0.2,0
48_48_95,-0.2,-0.2,0
47_48_95,-0.36,-0.2,0
47_48_93,-0.2,-0.2,0
46_48_93,-0.2,0,0
45_48_90,-0.36,-0.36,0
43_42_88,-0.2,0,0
45_42_88,-0.2,0,0
42_42_87,-0.2,-0.2,0
45_42_87,-0.2,-0.2,0
41_41_85,-0.2,0,0
44_41_85,-0.2,0,0
41_40_85,-0.2,-0.2,0
44_40_85,-0.2,-0.2,0
39_37_83,-0.2,0,0
44_37_83,-0.2,0,0
34_37_77,-0.2,0,0
43_37_77,-0.2,0,0
34_36_78,-0.2,0,0
43_36_78,-0.2,0,0
34_36_75,-0.2,0,0
41_36_75,-0.2,0,0
34_34_75,-0.2,0,0
41_34_75,-0.2,0,0
33_34_73,-0.2,0,0
40_34_73,-0.2,0,0
32_34_70,-0.2,0,0
38_34_70,-0.2,0,0
32_33_70,-0.2,-0.2,0
38_33_70,-0.2,-0.2,0
32_33_67,-0.2,0,0
35_33_67,-0.2,0,0
32_33_62,-0.2,0,0
30_33_62,-0.2,0,0
29_32_59,-0.2,0,0
30_32_59,-0.2,0,0
28_31_58,-0.2,-0.2,-0.2
30_31_58,-0.2,-0.2,0
30_59_30,-0.2,-0.2,0
28_54_28,-0.2,0,0
27_27_55,-0.2,0,0
27_53_27,-0.2,0,0
26_27_53,-0.2,-0.232,0
25_53_25,-0.2,0,0
26_27_51,-0.2,0,0
23_51_23,-0.2,0,0
25_23_47,-0.2,0,0
22_48_22,-0.2,0,0
25_19_46,-0.2,-0.2,0
22_19_43,-0.2,0,0
15_16_36,-0.2,0,0
21_31_21,-0.2,0,0
15_14_35,-0.2,0,0
20_29_20,-0.2,0,0
10_14_30,-0.2,0,0
20_24_20,-0.2,0,0
10_13_30,-0.2,-0.2,0
20_23_20,-0.2,0,0
8_13_28,-0.2,-0.2,0
20_21_20,-0.2,0,0
8_13_27,-0.2,-0.2,0
19_21_19,-0.2,0,0
6_13_25,-0.2,0,0
19_19_19,-0.2,0,0
0_12_19,-0.2,0,0
19_12_19,-0.2,-0.2,0
0_8_19,-0.2,0,0
19_8_19,-0.2,0,0
0_8_17,-0.2,-0.2,0
17_8_17,-0.2,-0.2,0
0_3_17,-0.2,0,0
17_3_17,-0.2,0,0
0_0_16,0.6233,0,0
16_0_16,0.80602,0,0
0_0_12,-0.392,-0.392,-0.488
12_0_12,-0.02667,-0.2,0
0_0_10,-0.2,0,0
7_6_14,-0.67057,-0.42272,-0.99021
4_11_4,-0.30335,-0.2,-0.3446
2_6_6,-0.392,-0.392,-0.36
2_10_2,-0.57632,-0.57018,-0.99031
4_6_6,-0.53013,-0.57632,-0.5136
2_9_2,-1.61247,-1.63737,-1.5253
4_5_6,-1.29505,-1.19421,-1.24276
6_5_11,-0.27157,-0.2,-0.44979
5_5_11,-0.24122,-0.37489,-0.44979
13_12_26,-0.46368,0,0
21_23_43,-0.232,0,0
22_23_43,-0.232,0,0
24_25_49,-0.232,0,0
25_26_51,-0.232,0,0
28_55_28,-0.2,0,0
27_28_55,-0.2,0,0
29_57_29,-0.2,0,0
28_29_57,-0.2,0,0
42_84_42,-0.2,0,0
42_85_42,-0.2,0,0
43_85_43,-0.2,0,0
43_86_43,-0.2,0,0
43_87_43,-0.2,0,0
44_87_44,-0.2,0,0
44_88_44,-0.2,0,0
44_89_44,-0.2,0,0
45_89_45,-0.2,0,0
45_90_45,-0.2,0,0
45_91_45,-0.2,0,0
46_91_46,-0.2,0,0
46_92_46,-0.2,0,0
46_93_46,-0.2,0,0
47_93_47,-0.2,0,0
47_94_47,-0.2,0,0
46_95_46,-0.2,0,0
47_95_47,-0.2,0,0
48_95_48,-0.2,0,0
48_96_48,-0.2,0,0
48_48_96,-0.2,0,0
48_97_48,-0.2,0,0
48_49_96,-0.2,0,0
49_97_49,-0.2,0,0
48_49_97,-0.2,0,0
48_98_48,-0.2,0,0
49_49_97,-0.2,0,0
49_98_49,-0.2,0,0
49_49_98,-0.2,0,0
49_99_49,-0.2,0,0
49_50_98,-0.2,0,0
50_99_50,-0.2,0,0
49_50_99,-0.2,0,0
50_100_50,-0.2,0,0
50_50_100,-0.2,0,0
50_101_50,-0.2,0,0
50_51_100,-0.2,0,0
51_101_51,-0.2,0,0
50_51_101,-0.2,0,0
51_102_51,-0.2,0,0
51_51_102,-0.2,0,0
51_103_51,-0.2,0,0
51_52_102,-0.2,0,0
52_103_52,-0.2,0,0
51_52_103,-0.2,0,0
52_104_52,-0.2,0,0
52_52_104,-0.2,0,0
52_105_52,-0.2,0,0
52_53_104,-0.2,0,0
53_105_53,-0.2,0,0
52_53_105,-0.2,0,0
53_106_53,-0.2,0,0
53_53_106,-0.2,0,0
53_107_53,-0.2,0,0
53_54_106,-0.2,0,0
54_107_54,-0.2,0,0
53_54_107,-0.2,0,0
54_108_54,-0.2,0,0
54_54_108,-0.2,0,0
54_109_54,-0.2,0,0
54_55_108,-0.2,0,0
55_109_55,-0.2,0,0
54_55_109,-0.2,0,0
55_110_55,-0.2,0,0
55_55_110,-0.2,0,0
55_111_55,-0.2,0,0
55_56_110,-0.2,0,0
56_111_56,-0.2,-0.2,0
55_56_111,-0.2,0,0
56_112_56,-0.2,0,0
56_56_112,-0.2,0,0
56_113_56,-0.2,0,0
56_57_112,-0.2,0,0
57_113_57,-0.2,0,0
56_57_113,-0.2,0,0
57_114_57,-0.2,0,0
57_57_114,-0.2,0,0
57_115_57,-0.2,0,0
57_58_114,-0.2,0,0
58_115_58,-0.2,0,0
57_58_115,-0.2,0,0
58_116_58,-0.2,0,0
58_58_116,-0.2,0,0
58_117_58,-0.2,0,0
58_59_116,-0.2,0,0
59_117_59,-0.2,0,0
58_59_117,-0.2,0,0
59_118_59,-0.2,-0.2,0
59_59_118,-0.2,0,0
59_119_59,-0.2,0,0
59_60_118,-0.2,0,0
60_119_60,-0.2,0,0
59_60_119,-0.2,0,0
60_120_60,-0.2,0,0
60_60_120,-0.2,0,0
60_121_60,-0.2,0,0
60_61_120,-0.2,0,0
61_121_61,-0.2,0,0
60_61_121,-0.2,0,0
61_122_61,-0.2,0,0
61_61_122,-0.2,0,0
61_123_61,-0.2,0,0
61_62_122,-0.2,0,0
62_123_62,-0.2,0,0
61_62_123,-0.2,0,0
62_124_62,-0.2,0,0
62_62_124,-0.2,0,0
62_125_62,-0.2,0,0
62_63_124,-0.2,0,0
63_125_63,-0.2,0,0
62_63_125,-0.2,0,0
63_126_63,-0.2,0,0
63_63_126,-0.2,0,0
63_127_63,-0.2,0,0
63_64_126,-0.2,0,0
64_127_64,-0.2,0,0
63_64_127,-0.2,0,0
64_128_64,-0.2,0,0
64_64_128,-0.2,0,0
64_129_64,-0.2,0,0
64_65_128,-0.2,0,0
65_129_65,-0.2,0,0
64_65_129,-0.2,0,0
65_130_65,-0.2,0,0
65_65_130,-0.2,0,0
65_131_65,-0.2,0,0
65_66_130,-0.2,0,0
66_131_66,-0.2,-0.2,0
65_66_131,-0.2,0,0
66_132_66,-0.2,0,0
66_66_132,-0.2,0,0
66_133_66,-0.2,0,0
66_67_132,-0.2,0,0
67_133_67,-0.2,0,0
66_67_133,-0.2,0,0
67_134_67,-0.2,0,0
67_67_134,-0.2,0,0
67_135_67,-0.2,0,0
67_68_134,-0.2,0,0
68_135_68,-0.2,0,0
67_68_135,-0.2,0,0
68_136_68,-0.2,0,0
68_68_136,-0.2,0,0
68_137_68,-0.2,0,0
68_69_136,-0.2,0,0
69_137_69,-0.2,0,0
68_69_137,-0.2,0,0
69_138_69,-0.2,0,0
69_69_138,-0.2,0,0
69_139_69,-0.2,0,0
69_70_138,-0.2,0,0
70_139_70,-0.2,0,0
69_70_139,-0.2,0,0
70_140_70,-0.2,0,0
70_70_140,-0.2,0,0
70_141_70,-0.2,0,0
70_71_140,-0.2,0,0
71_141_71,-0.2,0,0
70_71_141,-0.2,0,0
71_142_71,-0.2,-0.2,-0.2
71_71_142,-0.2,-0.2,-0.2
71_136_71,-0.2,0,0
68_68_139,-0.2,0,0
71_132_71,-0.2,-0.2,0
68_64_139,-0.2,-0.2,0
69_131_69,-0.2,0,0
67_64_136,-0.2,0,0
67_64_133,-0.2,0,0
65_127_65,-0.2,0,0
67_60_132,-0.2,0,0
65_119_65,-0.2,-0.2,0
67_52_132,-0.2,-0.2,0
65_118_65,-0.2,0,0
66_52_131,-0.2,0,0
60_118_60,-0.2,0,0
66_52_126,-0.2,0,0
66_52_125,-0.2,0,0
58_119_58,-0.2,0,0
66_53_124,-0.2,0,0
57_119_57,-0.2,0,0
66_53_123,-0.2,0,0
56_117_56,-0.2,0,0
66_51_122,-0.2,0,0
56_116_56,-0.2,0,0
66_50_122,-0.2,0,0
64_47_120,-0.2,0,0
56_108_56,-0.2,-0.2,0
61_47_117,-0.2,-0.2,0
53_108_53,-0.2,0,0
61_47_114,-0.2,0,0
52_108_52,-0.2,-0.2,0
61_47_113,-0.2,-0.2,0
49_106_49,-0.2,0,0
60_46_109,-0.2,0,0
42_106_42,-0.2,0,0
60_46_102,-0.2,0,0
42_104_42,-0.2,0,0
58_46_100,-0.2,0,0
42_103_42,-0.2,-0.2,0
58_45_100,-0.36,-0.2,-0.2
42_45_100,-0.2,-0.2,-0.2
58_87_58,-0.232,0,0
42_40_100,-0.2,0,0
58_40_100,-0.2,0,0
42_38_100,-0.2,0,0
58_38_100,-0.2,0,0
41_37_100,-0.2,0,0
58_37_100,-0.2,0,0
41_36_96,-0.2,0,0
55_36_96,-0.2,0,0
38_35_90,-0.2,0,0
52_35_90,-0.2,0,0
38_34_90,-0.2,0,0
52_34_90,-0.2,0,0
38_32_90,-0.2,0,0
52_32_90,-0.2,0,0
38_22_90,-0.2,-0.2,-0.2
52_22_90,-0.2,-0.2,-0.2
52_60_52,-0.2,0,0
37_74_38,-0.2,0,0
32_22_79,-0.2,-0.2,-0.2
47_22_79,-0.2,-0.2,-0.2
32_22_80,-0.2,0,0
47_22_80,-0.2,0,0
47_54_47,-0.2,0,0
32_69_32,-0.2,0,0
32_20_73,-0.2,-0.2,0
41_20_73,-0.2,0,0
41_52_41,-0.2,0,0
31_19_72,-0.2,-0.2,-0.2
41_50_41,-0.2,-0.2,0
41_19_72,-0.2,0,0
31_51_31,-0.2,-0.2,0
36_15_67,-0.2,-0.2,-0.2
31_15_67,-0.2,0,0
30_11_66,-0.2,0,0
36_41_36,-0.2,0,0
29_10_65,-0.2,0,0
36_39_36,-0.2,0,0
27_10_63,-0.2,0,0
36_37_36,-0.2,0,0
27_10_60,-0.2,-0.2,0
33_37_33,-0.2,-0.2,0
27_4_60,-0.2,0,0
33_4_60,-0.2,0,0
27_4_58,-0.2,0,0
31_4_58,-0.2,0,0
24_4_55,-0.2,-0.2,0
31_4_55,-0.2,-0.2,0
24_4_52,-0.2,0,0
28_4_52,-0.2,0,0
24_1_52,-0.2,0,0
28_1_52,-0.2,0,0
24_1_48,-0.36,0,0
21_1_45,-0.2,0,0
24_1_45,-0.2,0,0
19_0_43,-0.2,-0.2,0
24_0_43,-0.2,-0.2,0
18_0_42,-0.2,0,0
24_0_42,-0.2,0,0
16_0_40,-0.2,0,0
24_0_40,-0.2,0,0
16_0_39,-0.2,-0.2,0
23_0_39,-0.2,-0.2,0
16_0_38,-0.2,0,0
22_0_38,-0.2,0,0
15_0_37,-0.36,-0.2,-0.2
22_0_37,-0.36,-0.2,-0.2
15_0_36,-0.2,0,0
21_0_36,-0.2,0,0
13_0_34,-0.36,-0.2,-0.2
21_0_34,-0.36,-0.2,-0.2
21_13_21,-0.2,0,0
13_21_13,-0.232,0,0
13_0_32,-0.2,-0.2,0
19_0_32,-0.2,0,0
19_13_19,-0.2,0,0
12_0_31,-0.2,0,0
10_0_29,-0.2,0,0
19_0_29,-0.2,0,0
8_0_27,-0.2,0,0
19_0_27,-0.2,0,0
5_0_22,-0.2,0,0
17_0_22,-0.2,0,0
5_0_18,-0.2,-0.2,-0.2
13_0_18,-0.2,-0.2,-0.2
5_0_17,-0.2,0,0
12_0_17,-0.2,0,0
4_0_12,-0.2,0,0
8_0_12,-0.392,-0.36,-0.2
4_0_10,-0.2,0,0
6_0_10,-0.2,0,0
4_0_9,-0.2,-0.2,-0.24469
5_0_9,-0.2,-0.2,0
5_4_5,-0.2,0,0
5_0_8,-0.2,-0.2,-0.2
5_1_8,-0.2,-0.2,0
4_0_7,-0.392,0.79566,-0.2
3_0_7,0.31483,0,0
32_31_64,-0.232,0,0
32_63_32,-0.232,0,0
35_34_70,-0.2,0,0
35_30_70,-0.2,0,0
34_27_69,-0.2,0,0
35_61_35,-0.2,0,0
28_24_63,-0.2,0,0
35_52_35,-0.2,0,0
21_19_54,-0.2,0,0
33_40_33,-0.2,0,0
21_19_53,-0.38624,0,0
32_40_32,-0.2,0,0
31_32_31,-0.2,0,0
14_14_45,-0.2,0,0
31_28_31,-0.2,0,0
8_12_39,-0.2,0,0
31_20_31,-0.2,0,0
3_9_34,-0.2,0,0
31_12_31,-0.2,0,0
0_8_29,-0.2,0,0
29_8_29,-0.2,0,0
0_4_27,-0.2,0,0
27_4_27,-0.2,0,0
0_1_27,-0.2,0,0
27_1_27,-0.2,0,0
0_0_27,-0.2,-0.2,-0.2
27_0_27,-0.2,-0.2,-0.2
0_0_25,-0.392,-0.36,-0.2
25_0_25,-0.392,-0.36,-0.2
0_0_24,-0.2,0,0
24_0_24,-0.2,0,0
0_0_22,-0.2,0,0
22_0_22,-0.2,0,0
0_0_19,-0.392,-0.19534,-0.2
19_0_19,-0.392,-0.19534,-0.2
0_1_12,-0.2,-0.22048,0
12_1_12,-0.2,-0.21843,0
0_2_12,-0.2,-0.36,0
12_2_12,-0.2,0,0
0_3_12,-0.2,0,0
12_3_12,-0.2,0,0
0_4_12,-0.2,0,0
12_4_12,-0.2,0,0
0_5_12,-0.2,0,0
12_5_12,-0.2,0,0
0_6_12,-0.2,0,0
12_6_12,-0.2,0,0
0_7_12,-0.2,0,0
12_7_12,-0.2,0,0
0_8_12,-0.2,0,0
12_8_12,-0.2,0,0
0_9_12,-0.2,0,0
12_9_12,-0.2,0,0
0_10_12,-0.2,0,0
12_10_12,-0.2,0,0
0_11_12,-0.2,0,0
12_11_12,-0.2,0,0
0_12_12,-0.2,0,0
12_12_12,-0.2,0,0
0_13_12,-0.2,0,0
12_13_12,-0.2,0,0
0_14_12,-0.2,0,0
12_14_12,-0.2,0,0
0_15_12,-0.2,0,0
12_15_12,-0.2,0,0
0_16_12,-0.2,0,0
12_16_12,-0.2,0,0
0_17_12,-0.2,0,0
12_17_12,-0.2,0,0
0_18_12,-0.2,0,0
12_18_12,-0.2,0,0
0_19_12,-0.2,-0.2,0
12_19_12,-0.2,-0.2,0
0_20_12,-0.2,0,0
12_20_12,-0.2,0,0
0_21_12,-0.2,0,0
12_21_12,-0.2,0,0
0_22_12,-0.2,0,0
12_22_12,-0.232,0,0
0_23_12,-0.2,0,0
0_24_12,-0.2,0,0
0_25_11,-0.2,0,0
11_25_11,-0.2,-0.232,0
0_26_11,-0.2,0,0
11_26_11,-0.2,0,0
0_27_11,-0.2,0,0
11_27_11,-0.2,0,0
0_28_11,-0.2,0,0
11_28_11,-0.2,0,0
0_29_11,-0.2,0,0
11_29_11,-0.2,0,0
0_30_11,-0.2,0,0
11_30_11,-0.2,0,0
0_31_11,-0.2,0,0
11_31_11,-0.2,0,0
0_32_11,-0.2,0,0
11_32_11,-0.2,0,0
0_33_11,-0.2,0,0
11_33_11,-0.2,0,0
0_34_11,-0.2,0,0
11_34_11,-0.2,0,0
0_35_11,-0.2,0,0
11_35_11,-0.2,0,0
0_36_11,-0.2,0,0
11_36_11,-0.2,0,0
0_37_11,-0.2,0,0
11_37_11,-0.2,0,0
0_38_11,-0.2,0,0
11_38_11,-0.2,0,0
0_39_11,-0.2,0,0
11_39_11,-0.2,0,0
0_40_11,-0.2,0,0
11_40_11,-0.2,0,0
0_41_11,-0.2,0,0
11_41_11,-0.2,0,0
0_42_11,-0.2,0,0
11_42_11,-0.2,0,0
0_43_11,-0.2,0,0
11_43_11,-0.2,0,0
0_44_11,-0.2,0,0
11_44_11,-0.2,0,0
0_45_11,-0.2,0,0
11_45_11,-0.2,0,0
0_46_11,-0.2,0,0
11_46_11,-0.2,0,0
0_47_11,-0.2,0,0
11_47_11,-0.2,0,0
0_48_11,-0.2,0,0
11_48_11,-0.2,0,0
0_49_11,-0.2,0,0
11_49_11,-0.2,0,0
0_50_11,-0.2,0,0
11_50_11,-0.2,0,0
0_51_11,-0.2,0,0
11_51_11,-0.2,0,0
0_52_11,-0.2,0,0
11_52_11,-0.2,0,0
0_53_11,-0.2,0,0
11_53_11,-0.2,0,0
0_54_10,-0.2,-0.2,0
10_54_10,-0.2,-0.2,0
0_53_9,-0.2,0,0
9_53_9,-0.2,0,0
0_53_1,-0.2,0,0
1_53_1,-0.2,0,0
0_53_0,-0.69408,-0.70918,-0.5712
0_52_0,-2.88543,-3.44051,-2.92329
0_51_0,-0.488,-0.36,-0.5136
0_50_0,-1.44226,-1.11138,-1.37066
0_49_0,-0.63648,-0.488,-0.5712
0_48_0,-0.69408,-0.70918,-0.5712
0_47_0,-0.36,-0.36,-0.46368
1_45_1,-0.66935,-0.2,-0.2
0_45_1,-0.66935,-0.2,-0.2
1_41_1,-0.392,-0.392,-0.36
0_37_0,-1.38618,-1.38371,-1.44054
1_36_2,-0.35972,0,0
1_34_1,-0.2,0,0
1_30_1,-0.34874,0,0
0_30_1,-0.34874,0,0
1_29_1,-0.36066,-0.2,0
0_29_1,-0.2,0,0
0_24_1,-0.54487,0,0
0_23_1,-0.58016,-0.72409,0
0_19_1,-0.66308,-0.61579,0
12_13_23,-0.2,0,0
11_13_22,-0.2,0,0
11_13_21,-0.2,-0.2,0
10_24_10,-0.2,-0.2,0
10_13_19,-0.2,-0.2,0
9_23_9,-0.2,-0.2,0
9_13_18,-0.36,0,0
8_13_17,-0.2,0,0
9_13_17,-0.2,0,0
8_13_16,-0.36,-0.36,-0.36
7_13_15,-0.2,0,0
8_13_15,-0.2,0,0
6_13_13,-0.2,-0.38771,0
7_19_7,-0.2,0,0
4_12_9,-0.2,-0.37849,0
5_16_5,-0.392,-0.2,-0.2
4_11_8,-0.2,-0.36,0
4_11_7,-0.2,0,0
3_11_7,-0.2,0,0
4_10_6,-0.36,-0.2,-0.2
2_10_6,-0.2,-0.2,-0.2
3_10_4,-0.2,-0.2,0
1_10_4,-0.52459,0,0
2_10_3,-0.2,-0.43699,0
1_10_3,-0.33086,0,0
6_5_16,-0.23375,0,0
11_26_23,-0.335,-0.32145,0
13_12_37,-0.35915,0,0
16_15_47,-0.33147,0,0
18_34_34,-0.2,-0.2,0
16_18_50,-0.35247,-0.37077,0
17_18_53,-0.35859,0,0
21_44_43,-0.27808,0,0
22_46_45,-0.232,0,0
27_56_55,-0.232,0,0
29_29_84,-0.232,0,0
28_58_55,-0.2,0,0
30_60_58,-0.232,0,0
31_31_90,-0.2,0,0
29_62_59,-0.2,0,0
31_32_92,-0.232,0,0
30_63_61,-0.2,0,0
32_33_95,-0.2,0,0
31_65_63,-0.2,0,0
34_34_99,-0.232,0,0
33_68_65,-0.2,0,0
35_35_102,-0.232,0,0
34_70_67,-0.2,0,0
34_69_67,-0.2,0,0
33_36_100,-0.2,0,0
29_59_60,-0.2,0,0
28_31_88,-0.2,0,0
23_47_47,-0.2,0,0
20_27_67,-0.2,0,0
19_40_37,-0.2,0,0
19_21_56,-0.2,0,0
14_32_29,-0.2,0,0
15_17_44,-0.2,0,0
7_21_22,-0.2,0,0
8_13_30,-0.2,0,0
4_21_19,-0.2,0,0
5_21_20,-0.2,0,0
1_15_14,-0.2,0,0
5_10_19,-0.2,0,0
0_12_10,-0.2,0,0
3_9_13,-0.2,0,0
0_5_4,4.23796,0,0
10_9_18,-0.26682,0,0
9_7_17,-0.2,-0.2,-0.2
9_6_17,-0.36,-0.2,-0.2
9_5_17,-0.2,0,0
9_5_16,-0.2,-0.2,-0.2
9_5_15,-0.2,0,0
8_5_14,-0.2,0,0
8_4_13,-0.2,0,0
7_4_12,-0.2,0,0
6_3_10,-0.2,-0.2,0
6_3_9,-0.2,0,0
6_2_9,-0.2,0,0
6_2_8,-0.2,0,0
6_1_7,-0.2,0,0
4_0_5,-0.2,0.89909,0
6_5_15,-0.25973,0,0
1_6_3,4.11747,0,0
5_4_11,-0.64241,-0.7569,-0.77902
5_4_10,-0.75327,-0.16606,-0.6638
3_9_5,-0.232,-0.28365,0
5_3_10,-0.392,-0.44859,-0.46778
5_2_10,-0.2,-0.2,-0.23712
5_1_10,-0.2,0,0
2_8_5,-0.37383,-0.37211,5.61758
5_2_11,-0.26272,-0.29221,0
4_7_6,-0.25467,-0.25588,0
5_3_12,-0.25208,-0.28288,0
5_2_9,-0.2,0,0
2_9_4,0.3086,-0.36,-0.392
14_29_29,-0.36705,0,0
11_20_22,-0.2,0,0
7_13_29,-0.2,0,0
9_18_19,-0.2,0,0
6_12_25,-0.2,0,0
7_14_16,-0.2,0,0
3_11_19,-0.2,0,0
7_13_16,-0.2,0,0
2_11_18,-0.2,0,0
2_9_9,-0.2,0,0
0_9_9,-0.2,0,0
1_8_7,-0.2,0,0
0_8_7,-0.2,0,0
0_7_5,-0.36,0,0
0_5_5,0.03042,0,0
13_16_42,-0.35666,0,0
11_15_35,-0.2,0,0
10_14_32,-0.2,0,0
10_23_20,-0.2,-0.2,0
9_12_26,-0.2,0,0
9_12_27,-0.2,0,0
8_19_16,-0.2,0,0
8_11_24,-0.2,0,0
8_11_25,-0.2,0,0
9_11_26,-0.2,0,0
8_10_24,-0.2,0,0
7_10_10,-0.2,0,0
3_7_13,-0.2,0,0
6_11_8,-0.38176,0,0
4_7_12,-0.06759,0,0
12_23_22,-0.2,0,0
9_22_17,-0.2,0,0
10_12_27,-0.2,0,0
9_22_18,-0.2,0,0
10_12_28,-0.2,0,0
10_22_19,-0.2,0,0
10_12_29,-0.2,0,0
11_22_20,-0.35941,0,0
10_12_30,-0.2,0,0
13_25_24,-0.2,0,0
13_27_24,-0.2,0,0
13_14_37,-0.2,0,0
14_27_25,-0.2,0,0
14_28_25,-0.2,0,0
14_29_25,-0.2,0,0
14_15_39,-0.2,0,0
15_29_26,-0.2,0,0
14_15_40,-0.2,0,0
15_30_26,-0.2,0,0
15_15_41,-0.2,0,0
15_31_26,-0.2,0,0
15_16_41,-0.2,0,0
16_31_27,-0.2,0,0
15_16_42,-0.2,0,0
16_32_27,-0.2,0,0
16_16_43,-0.2,0,0
16_32_28,-0.2,0,0
16_16_44,-0.2,0,0
16_33_28,-0.2,0,0
16_17_44,-0.2,0,0
16_17_45,-0.2,0,0
17_34_29,-0.2,0,0
17_17_46,-0.2,0,0
17_34_30,-0.2,0,0
17_17_47,-0.2,0,0
17_35_30,-0.2,0,0
17_18_47,-0.2,0,0
18_35_31,-0.2,0,0
17_18_48,-0.2,0,0
18_36_31,-0.2,0,0
18_18_49,-0.2,0,0
18_37_31,-0.2,0,0
18_19_49,-0.2,0,0
19_37_32,-0.2,0,0
18_19_50,-0.2,0,0
19_38_32,-0.2,0,0
19_19_51,-0.2,0,0
19_39_32,-0.2,0,0
19_20_51,-0.2,0,0
20_38_33,-0.2,0,0
18_20_51,-0.2,0,0
20_39_33,-0.2,0,0
19_20_52,-0.2,0,0
20_40_33,-0.2,0,0
20_20_53,-0.2,0,0
20_41_33,-0.2,0,0
20_21_53,-0.2,0,0
21_41_34,-0.2,0,0
20_21_54,-0.2,0,0
21_41_35,-0.2,0,0
20_21_55,-0.2,0,0
21_42_35,-0.2,0,0
21_21_56,-0.2,0,0
21_42_36,-0.2,0,0
21_21_57,-0.2,0,0
21_43_36,-0.2,0,0
21_22_57,-0.2,0,0
22_44_37,-0.2,0,0
22_22_59,-0.2,0,0
22_45_37,-0.2,0,0
22_23_59,-0.2,0,0
23_45_38,-0.2,0,0
22_23_60,-0.2,0,0
23_46_38,-0.2,0,0
23_23_61,-0.2,0,0
23_47_38,-0.2,0,0
23_24_61,-0.2,0,0
24_47_39,-0.2,0,0
23_24_62,-0.2,0,0
24_48_39,-0.2,0,0
24_24_63,-0.2,0,0
24_49_39,-0.2,0,0
24_25_63,-0.2,0,0
25_49_40,-0.2,0,0
24_25_64,-0.2,0,0
25_49_41,-0.2,0,0
24_25_65,-0.2,0,0
25_50_41,-0.2,0,0
25_25_66,-0.2,0,0
25_51_41,-0.2,0,0
25_26_66,-0.2,0,0
26_51_42,-0.2,0,0
25_26_67,-0.2,0,0
26_52_42,-0.2,0,0
26_26_68,-0.2,0,0
26_53_42,-0.2,0,0
26_27_68,-0.2,0,0
26_53_43,-0.2,0,0
26_27_69,-0.2,0,0
26_53_44,-0.2,0,0
26_27_70,-0.2,0,0
27_53_45,-0.2,0,0
26_27_71,-0.2,0,0
27_54_45,-0.2,0,0
27_27_72,-0.2,0,0
27_54_46,-0.2,0,0
27_27_73,-0.2,0,0
27_55_46,-0.2,0,0
27_28_73,-0.2,0,0
27_55_47,-0.2,0,0
27_28_74,-0.2,0,0
28_55_48,-0.2,0,0
27_28_75,-0.2,0,0
28_56_48,-0.2,0,0
28_28_76,-0.2,0,0
28_57_48,-0.2,0,0
28_29_76,-0.2,0,0
29_57_49,-0.2,0,0
28_29_77,-0.2,0,0
29_58_49,-0.2,0,0
29_29_78,-0.2,0,0
29_59_49,-0.2,0,0
29_30_78,-0.2,0,0
30_59_50,-0.2,0,0
29_30_79,-0.2,0,0
30_59_51,-0.2,0,0
29_30_80,-0.2,0,0
30_60_51,-0.2,0,0
30_30_81,-0.2,0,0
28_58_46,-0.2,0,0
28_30_74,-0.2,0,0
27_58_44,-0.2,0,0
28_30_72,-0.2,0,0
26_57_44,-0.2,0,0
27_30_71,-0.2,0,0
26_56_39,-0.2,0,0
26_30_65,-0.2,0,0
25_55_36,-0.2,0,0
25_30_61,-0.2,0,0
24_51_30,-0.2,0,0
24_27_54,-0.2,0,0
22_49_24,-0.2,0,0
23_26_47,-0.2,0,0
22_48_24,-0.2,0,0
23_25_47,-0.2,0,0
20_46_20,-0.2,0,0
22_24_42,-0.2,0,0
19_42_19,-0.2,0,0
20_22_39,-0.2,0,0
17_39_17,-0.2,0,0
18_21_35,-0.2,0,0
16_38_16,-0.2,0,0
18_20_34,-0.2,0,0
16_36_16,-0.232,0,0
17_19_33,-0.2,0,0
17_18_33,-0.2,0,0
15_33_15,-0.2,0,0
16_17_31,-0.2,0,0
15_17_30,-0.2,0,0
5_12_9,-0.29675,-0.41087,0
8_9_21,-0.2,0,0
6_9_21,-0.2,0,0
7_17_14,0.8691,0,0
10_19_21,-0.2,0,0
8_13_14,-0.2,0,0
15_28_28,-0.2,0,0
14_16_43,-0.232,0,0
4_12_10,-0.10156,0,0
5_7_15,-0.10156,0,0
12_25_25,-0.2,0,0
17_18_49,-0.24911,0,0
16_35_32,-0.2,0,0
6_4_10,8.85691,0,0
2_10_4,8.85691,0,0
8_10_26,-0.43085,0,0
23_25_71,-0.31187,0,0
33_64_65,-0.2,0,0
31_33_96,-0.232,0,0
33_65_65,-0.2,0,0
34_67_67,-0.232,0,0
35_69_69,-0.2,0,0
35_70_68,-0.232,0,0
36_71_71,-0.2,0,0
37_73_73,-0.232,0,0
40_79_79,-0.232,0,0
41_81_81,-0.2,0,0
42_83_84,-0.2,0,0
41_42_125,-0.2576,0,0
43_85_85,-0.2,0,0
43_84_83,-0.2,0,0
41_43_124,-0.2,0,0
43_82_81,-0.2,0,0
39_43_120,-0.2,0,0
43_81_81,-0.2,0,0
38_43_119,-0.2,0,0
43_76_75,-0.2,0,0
33_43_108,-0.2,0,0
43_67_66,-0.2,0,0
24_43_90,-0.2,0,0
43_65_63,-0.2,0,0
22_43_85,-0.2,0,0
43_58_58,-0.2,0,0
15_43_73,-0.2,0,0
43_51_51,-0.2,0,0
8_43_59,-0.2,0,0
43_50_49,-0.2,0,0
7_43_56,-0.2,0,0
43_48_47,-0.2,0,0
5_43_52,-0.2,0,0
43_44_43,-0.57543,-0.29221,-0.30577
1_43_44,-0.57543,-0.29221,-0.30577
43_43_43,-3.72497,-3.68326,-3.13747
0_43_43,-3.72497,-3.68326,-3.13747
43_34_43,-0.2,0,0
0_34_43,-0.2,0,0
43_31_43,-0.2,0,0
0_31_43,-0.2,0,0
43_26_43,-0.2,0,0
0_26_43,-0.2,0,0
43_17_43,-0.2,0,0
0_17_43,-0.2,0,0
43_16_43,-0.2,0,0
0_16_43,-0.2,0,0
43_9_43,-0.2,0,0
0_9_43,-0.2,0,0
43_7_43,-0.2,0,0
0_7_43,-0.2,0,0
43_0_43,-2.17664,-1.8472,-2.059
0_0_43,-2.17664,-1.8472,-2.059
38_0_38,-0.2,0,0
0_0_38,-0.2,0,0
31_0_31,-0.2,0,0
0_0_31,-0.2,0,0
30_0_30,-0.2,0,0
0_0_30,-0.2,0,0
21_0_21,-0.2,0,0
0_0_21,-0.2576,0,0
7_9_14,-0.34988,0,0
4_10_5,-1.09782,-0.84591,-0.95627
5_3_9,-0.392,-0.4176,-0.36
5_7_6,-0.42272,-0.29264,-0.2
5_7_5,-0.392,1.06364,-0.2
0_2_4,-0.10615,-0.05163,-0.18548
1_13_2,-1.83933,-1.8948,-1.65226
2_13_3,-0.5456,-0.57632,-0.5904
2_14_3,-0.36,-0.392,-0.43157
2_14_4,-0.36,-0.2,-0.36
2_16_2,-0.2,-0.2,-0.2
1_14_3,-0.30146,-0.2,0
2_15_2,-0.57865,0,0
1_13_3,-0.97052,-0.92314,-0.92714
2_14_2,-0.62941,-0.63412,-0.99028
1_13_4,-0.32052,0,0
0_13_2,-0.2,-0.2,-0.7187
1_10_2,-0.89213,-0.96958,-1.55754
1_9_3,-0.89213,-0.2,-0.60933
1_22_2,-0.2,-0.29221,0
0_25_1,-0.65194,0,0
1_28_2,-0.49685,0,0
0_9_2,-0.2,-0.1312,0
2_8_3,-0.232,0,0
1_8_3,-0.36,-0.2,-0.2
1_7_3,-0.232,0,0
0_11_2,-0.2,-0.47408,0
1_12_2,-0.82484,-0.55625,0
1_11_3,-0.67499,0,0
1_15_2,-0.84986,0,0
4_5_4,-0.19858,-0.2,-0.232
4_7_5,-0.84785,-0.43139,-0.38811
5_5_7,-0.2,-0.2,-0.42713
3_5_10,-0.24449,0,0
14_12_40,-0.2,0,0
13_12_40,-0.2,0,0
0_2_13,-0.2,0,0
1_2_13,-0.2,0,0
0_0_11,0.5084,0,0
9_9_16,-0.3248,0,0
7_18_7,-0.29693,0,0
21_20_42,-0.2576,0,0
23_22_44,-0.2,0,0
21_45_21,-0.2576,0,0
23_22_45,-0.23712,0,0
26_26_53,-0.2,0,0
26_23_53,-0.2,0,0
27_49_27,-0.2,0,0
25_23_46,-0.2,0,0
21_48_21,-0.2,0,0
24_23_42,-0.2,0,0
18_47_18,-0.2,0,0
19_23_37,-0.2,0,0
18_42_18,-0.2,0,0
18_22_36,-0.2,0,0
18_40_18,-0.2,0,0
18_22_35,-0.2,0,0
17_40_17,-0.2,0,0
17_21_29,-0.2,0,0
12_38_12,-0.2,0,0
15_21_24,-0.2,0,0
9_36_9,-0.2,0,0
13_21_22,1.19749,0,0
9_34_9,-0.2,0,0
9_29_9,-0.2,-0.2,0
3_21_12,-0.2,-0.2,0
9_21_12,-0.2,-0.2,0
3_17_12,-0.2,0,0
7_17_7,-0.392,-0.59693,-0.392
0_14_7,-0.2,0,0
0_14_4,-0.2,0,0
0_14_3,-0.54694,0,0
3_14_4,-0.2,-0.85444,0
12_23_24,0.06952,0,0
19_37_36,-0.2856,0,0
21_23_65,-0.2,0,0
16_18_51,-0.37317,0,0
18_33_34,-0.2,0,0
13_23_26,-0.2,0,0
12_11_38,-0.2,0,0
12_20_23,-0.2,0,0
10_10_33,-0.2,0,0
5_11_19,-0.2,0,0
3_11_5,-0.95643,0,0
0_11_5,-0.95643,0,0
8_7_16,-0.39662,0,0
10_12_21,-0.2,-0.26354,0
9_11_19,-0.2,-0.2,-0.232
9_8_18,-0.23712,0,0
8_17_9,-0.38857,0,0
9_8_16,-0.5048,-0.2,-0.2
7_13_8,-0.27894,0,0
5_8_5,-0.92314,-0.83462,-1.06535
4_9_5,-0.33101,0,0
8_16_9,-0.38285,0,0
9_15_9,-0.2,0,0
6_9_15,-0.2,0,0
5_9_14,-0.2,-0.2,-0.2
9_9_14,-0.2,-0.2,0
7_9_12,-0.392,-0.2,-0.39865
5_9_12,-0.36,-0.2,-0.2
7_9_13,-0.232,0,0
5_16_6,-0.232,0,0
7_12_7,-0.65866,-0.62827,-0.6645
6_8_13,-0.2,0,0
4_8_11,-0.2,0,0
2_8_8,-0.392,-0.36,-0.2
6_10_7,-0.2,0,0
2_8_9,-0.2,0,0
6_10_8,-0.26272,0,0
2_8_10,-0.2,0,0
6_9_6,-0.2,-0.2,0
2_7_8,-0.2,-0.232,0
6_7_9,-0.2,-0.2,-0.29221
6_7_10,-0.57632,-0.5136,-0.48052
5_13_5,-0.57632,-0.74986,-0.57632
4_7_9,-0.2,0,0
5_7_10,-0.50091,0,0
7_5_14,-0.36,-0.25972,0
7_5_15,-0.42272,0,0
8_4_15,-0.2,-0.2,-0.2
8_2_15,-0.2,-0.2,-0.2
7_10_7,-0.2,-0.2,-0.2
8_0_15,-0.92314,-0.80262,-0.75327
7_8_7,-0.92314,-0.80262,-0.75327
8_0_14,-0.2,0,0
6_8_6,-0.32052,0,0
8_0_13,-0.2,0,0
8_0_11,-0.2,0,0
8_0_10,-0.2,-0.2,-0.2
5_1_7,-0.2,0,0
4_1_6,-0.2,-0.2,-0.01143
